# ************************************************************
# Sequel Pro SQL dump
# Version 4541
#
# http://www.sequelpro.com/
# https://github.com/sequelpro/sequelpro
#
# Host: localhost (MySQL 5.7.12)
# Database: partnerboerse2000
# Generation Time: 2016-07-01 14:12:01 +0000
# ************************************************************


/*!40101 SET @OLD_CHARACTER_SET_CLIENT=@@CHARACTER_SET_CLIENT */;
/*!40101 SET @OLD_CHARACTER_SET_RESULTS=@@CHARACTER_SET_RESULTS */;
/*!40101 SET @OLD_COLLATION_CONNECTION=@@COLLATION_CONNECTION */;
/*!40101 SET NAMES utf8 */;
/*!40014 SET @OLD_FOREIGN_KEY_CHECKS=@@FOREIGN_KEY_CHECKS, FOREIGN_KEY_CHECKS=0 */;
/*!40101 SET @OLD_SQL_MODE=@@SQL_MODE, SQL_MODE='NO_AUTO_VALUE_ON_ZERO' */;
/*!40111 SET @OLD_SQL_NOTES=@@SQL_NOTES, SQL_NOTES=0 */;


# Dump of table Alternative
# ------------------------------------------------------------

DROP TABLE IF EXISTS `Alternative`;

CREATE TABLE `Alternative` (
  `id` int(11) unsigned NOT NULL AUTO_INCREMENT,
  `Text` varchar(20) DEFAULT NULL,
  `Auswahl_id` int(11) unsigned DEFAULT NULL,
  PRIMARY KEY (`id`),
  KEY `FK` (`Auswahl_id`),
  CONSTRAINT `FK` FOREIGN KEY (`Auswahl_id`) REFERENCES `Eigenschaft` (`id`)
) ENGINE=InnoDB DEFAULT CHARSET=utf8;

LOCK TABLES `Alternative` WRITE;
/*!40000 ALTER TABLE `Alternative` DISABLE KEYS */;

INSERT INTO `Alternative` (`id`, `Text`, `Auswahl_id`)
VALUES
	(5,'Döner',1),
	(6,'Pizza',1),
	(7,'Salat',1),
	(8,'Fussball',3),
	(9,'Handball',3),
	(10,'Basketball',3),
	(11,'Ja',4),
	(12,'Nein',4),
	(13,'blond',5),
	(14,'schwarz',5),
	(15,'brünett',5),
	(16,'dunkel-blond',5),
	(17,'rot',5),
	(18,'römisch-katholisch',6),
	(19,'römisch-orthodox',6),
	(20,'muslimisch',6),
	(21,'jüdisch',6),
	(22,'evangelisch',6),
	(23,'männlich',7),
	(24,'weiblich',7),
	(29,'Pils',13),
	(30,'Weizen',13),
	(31,'Export',13),
	(32,'Mac',14),
	(33,'PC',14),
	(34,'Ja',26),
	(35,'Nein',26);

/*!40000 ALTER TABLE `Alternative` ENABLE KEYS */;
UNLOCK TABLES;


# Dump of table Eigenschaft
# ------------------------------------------------------------

DROP TABLE IF EXISTS `Eigenschaft`;

CREATE TABLE `Eigenschaft` (
  `id` int(11) unsigned NOT NULL AUTO_INCREMENT,
  `Beschreibungstext` varchar(100) DEFAULT NULL,
  `Name` varchar(30) DEFAULT NULL,
  `e_typ` varchar(11) DEFAULT NULL,
  PRIMARY KEY (`id`)
) ENGINE=InnoDB DEFAULT CHARSET=utf8;

LOCK TABLES `Eigenschaft` WRITE;
/*!40000 ALTER TABLE `Eigenschaft` DISABLE KEYS */;

INSERT INTO `Eigenschaft` (`id`, `Beschreibungstext`, `Name`, `e_typ`)
VALUES
	(1,'Was ist dein Lieblingsessen?','Essen','a'),
	(2,'Was machst du am Liebsten?','Liebsten','b'),
	(3,'Was ist dein Lieblingssport?','Sport','a'),
	(4,'Rauchst du?','Raucher','p_a'),
	(5,'Welche Haarfabe hast du?','Haarfarbe','p_a'),
	(6,'Welche Religionszugehörigkeit hast du?','Religion','p_a'),
	(7,'Welches Geschlecht hast du?','Geschlecht','p_a'),
	(8,'Wie ist dein Vorname?','Vorname','p_b'),
	(9,'Wie ist dein Nachname?','Nachname','p_b'),
	(10,'Wie Groß bist du?','Körpergröße','p_ab'),
	(11,'Wann bist du geboren?','Geburtstag','p_ab'),
	(13,'Was ist deine Lieblingsbiersorte?','Biersorte','a'),
	(14,'Nutzt du Mac oder PC?','Mac oder PC','a'),
	(26,'Singst du gerne?','Singen','a');

/*!40000 ALTER TABLE `Eigenschaft` ENABLE KEYS */;
UNLOCK TABLES;


# Dump of table Info
# ------------------------------------------------------------

DROP TABLE IF EXISTS `Info`;

CREATE TABLE `Info` (
  `id` int(11) unsigned NOT NULL DEFAULT '1',
  `Text` varchar(30) DEFAULT NULL,
  `Profil_id` int(11) unsigned NOT NULL,
  `Eigenschaft_id` int(11) unsigned DEFAULT NULL,
  PRIMARY KEY (`id`),
  KEY `FK_Profil` (`Profil_id`),
  KEY `FK_Eigen` (`Eigenschaft_id`),
  CONSTRAINT `FK_Eigen` FOREIGN KEY (`Eigenschaft_id`) REFERENCES `Eigenschaft` (`id`),
  CONSTRAINT `FK_Profil` FOREIGN KEY (`Profil_id`) REFERENCES `Profil` (`id`)
) ENGINE=InnoDB DEFAULT CHARSET=utf8;

LOCK TABLES `Info` WRITE;
/*!40000 ALTER TABLE `Info` DISABLE KEYS */;

INSERT INTO `Info` (`id`, `Text`, `Profil_id`, `Eigenschaft_id`)
VALUES
	(2,'Weizen',23,13),
	(3,'Fussball',23,3),
	(4,'Pizza',23,1),
	(5,'Nein',23,26),
	(6,'Döner',24,1),
	(7,'Salat',25,1),
	(8,'Salat',26,1),
	(9,'Döner',27,1),
	(10,'Salat',28,1),
	(11,'Salat',34,1),
	(12,'Döner',36,1),
	(13,'Döner',43,1),
	(14,'Pizza',58,1),
	(15,'Döner',62,1),
	(16,'Pizza',64,1),
	(17,'Salat',66,1),
	(18,'Pizza',69,1),
	(19,'Pizza',70,1),
	(20,'Döner',71,1),
	(21,'Pizza',72,1),
	(22,'Pizza',73,1),
	(23,'Salat',75,1),
	(24,'Pizza',78,1),
	(25,'Salat',79,1),
	(26,'Pizza',83,1),
	(27,'Pizza',86,1),
	(28,'Pizza',87,1),
	(29,'Salat',90,1),
	(30,'Döner',91,1),
	(31,'Döner',92,1),
	(32,'Döner',93,1),
	(33,'Döner',94,1),
	(34,'Salat',95,1),
	(35,'Salat',97,1),
	(36,'Pizza',99,1),
	(37,'Salat',102,1),
	(38,'Salat',103,1),
	(39,'Döner',104,1),
	(40,'Pizza',106,1),
	(41,'Pizza',107,1),
	(42,'Salat',110,1),
	(43,'Döner',112,1),
	(44,'Pizza',115,1),
	(45,'Salat',116,1),
	(46,'Döner',117,1),
	(47,'Salat',118,1),
	(48,'Pizza',120,1),
	(49,'Döner',121,1),
	(50,'Döner',122,1),
	(51,'Döner',124,1),
	(52,'Döner',126,1),
	(53,'Döner',127,1),
	(54,'Pizza',128,1),
	(55,'Pizza',130,1),
	(56,'Pizza',131,1),
	(57,'Salat',132,1),
	(58,'Salat',134,1),
	(59,'Döner',140,1),
	(60,'Pizza',142,1),
	(61,'Pizza',145,1),
	(62,'Döner',148,1),
	(63,'Pizza',149,1),
	(64,'Salat',151,1),
	(65,'Salat',152,1),
	(66,'Pizza',153,1),
	(67,'Salat',155,1),
	(68,'Pizza',156,1),
	(69,'Pizza',158,1),
	(70,'Salat',161,1),
	(71,'Salat',165,1),
	(72,'Döner',166,1),
	(73,'Pizza',167,1),
	(74,'Pizza',169,1),
	(75,'Döner',171,1),
	(76,'Döner',172,1),
	(77,'Döner',174,1),
	(78,'Pizza',175,1),
	(79,'Pizza',176,1),
	(80,'Döner',177,1),
	(81,'Salat',180,1),
	(82,'Salat',181,1),
	(83,'Döner',182,1),
	(84,'Salat',183,1),
	(85,'Döner',184,1),
	(86,'Döner',185,1),
	(87,'Salat',187,1),
	(88,'Pizza',189,1),
	(89,'Pizza',192,1),
	(90,'Pizza',193,1),
	(91,'Salat',195,1),
	(92,'Döner',196,1),
	(93,'Salat',199,1),
	(94,'Pizza',200,1),
	(95,'Döner',203,1),
	(96,'Salat',204,1),
	(97,'Pizza',205,1),
	(98,'Pizza',206,1),
	(99,'Döner',207,1),
	(100,'Pizza',208,1),
	(101,'Salat',209,1),
	(102,'Pizza',211,1),
	(103,'Döner',212,1),
	(104,'Salat',214,1),
	(105,'Pizza',215,1),
	(106,'Pizza',216,1),
	(107,'Döner',218,1),
	(108,'Döner',219,1),
	(109,'Salat',220,1),
	(110,'Salat',221,1),
	(111,'Salat',225,1),
	(112,'Pizza',227,1),
	(113,'Salat',229,1),
	(114,'Salat',230,1),
	(115,'Pizza',231,1),
	(116,'Pizza',232,1),
	(117,'Döner',237,1),
	(118,'Pizza',241,1),
	(119,'Salat',243,1),
	(120,'Salat',244,1),
	(121,'Döner',245,1),
	(122,'Salat',247,1),
	(123,'Pizza',250,1),
	(124,'Pizza',252,1),
	(125,'Salat',253,1),
	(126,'Döner',258,1),
	(127,'Pizza',261,1),
	(128,'Salat',263,1),
	(129,'Pizza',264,1),
	(130,'Pizza',268,1),
	(131,'Döner',269,1),
	(132,'Pizza',273,1),
	(133,'Salat',274,1),
	(134,'Döner',275,1),
	(135,'Pizza',276,1),
	(136,'Salat',278,1),
	(137,'Döner',279,1),
	(138,'Döner',280,1),
	(139,'Döner',281,1),
	(140,'Pizza',282,1),
	(141,'Pizza',283,1),
	(142,'Döner',284,1),
	(143,'Salat',287,1),
	(144,'Salat',288,1),
	(145,'Döner',289,1),
	(146,'Salat',292,1),
	(147,'Döner',293,1),
	(148,'Salat',294,1),
	(149,'Pizza',296,1),
	(150,'Salat',297,1),
	(151,'Pizza',298,1),
	(152,'Döner',300,1),
	(153,'Salat',302,1),
	(154,'Döner',303,1),
	(155,'Döner',305,1),
	(156,'Pizza',307,1),
	(157,'Salat',309,1),
	(158,'Döner',310,1),
	(159,'Salat',311,1),
	(160,'Pizza',312,1),
	(161,'Pizza',313,1),
	(162,'Pizza',314,1),
	(163,'Döner',317,1),
	(164,'Döner',318,1),
	(165,'Salat',319,1),
	(166,'Salat',320,1),
	(167,'Döner',321,1),
	(168,'Salat',322,1),
	(169,'Pizza',323,1),
	(170,'Döner',324,1),
	(171,'Salat',325,1),
	(172,'Salat',329,1),
	(173,'Pizza',330,1),
	(174,'Döner',331,1),
	(175,'Salat',332,1),
	(176,'Döner',333,1),
	(177,'Pizza',335,1),
	(178,'Salat',336,1),
	(179,'Salat',338,1),
	(180,'Döner',339,1),
	(181,'Döner',340,1),
	(182,'Salat',342,1),
	(183,'Döner',343,1),
	(184,'Döner',344,1),
	(185,'Pizza',345,1),
	(186,'Pizza',346,1),
	(187,'Pizza',347,1),
	(188,'Döner',348,1),
	(189,'Salat',350,1),
	(190,'Pizza',352,1),
	(191,'Pizza',354,1),
	(192,'Pizza',356,1),
	(193,'Döner',357,1),
	(194,'Salat',358,1),
	(195,'Pizza',361,1),
	(196,'Salat',363,1),
	(197,'Döner',365,1),
	(198,'Salat',367,1),
	(199,'Salat',370,1),
	(200,'Pizza',372,1),
	(201,'Döner',373,1),
	(202,'Döner',375,1),
	(203,'Salat',376,1),
	(204,'Döner',377,1),
	(205,'Döner',378,1),
	(206,'Döner',379,1),
	(207,'Salat',380,1),
	(208,'Döner',382,1),
	(209,'Salat',383,1),
	(210,'Döner',384,1),
	(211,'Döner',385,1),
	(212,'Pizza',388,1),
	(213,'Pizza',389,1),
	(214,'Salat',390,1),
	(215,'Pizza',391,1),
	(216,'Pizza',392,1),
	(217,'Pizza',393,1),
	(218,'Salat',396,1),
	(219,'Döner',397,1),
	(220,'Döner',398,1),
	(221,'Salat',399,1),
	(222,'Döner',400,1),
	(223,'Pizza',403,1),
	(224,'Pizza',404,1),
	(225,'Salat',405,1),
	(226,'Pizza',406,1),
	(227,'Salat',409,1),
	(228,'Pizza',410,1),
	(229,'Döner',411,1),
	(230,'Salat',415,1),
	(231,'Pizza',416,1),
	(232,'Pizza',417,1),
	(233,'Pizza',419,1),
	(234,'Salat',422,1),
	(235,'Salat',423,1),
	(236,'Pizza',426,1),
	(237,'Döner',427,1),
	(238,'Salat',429,1),
	(239,'Pizza',430,1),
	(240,'Döner',431,1),
	(241,'Pizza',434,1),
	(242,'Döner',439,1),
	(243,'Döner',440,1),
	(244,'Salat',441,1),
	(245,'Döner',442,1),
	(246,'Salat',444,1),
	(247,'Pizza',445,1),
	(248,'Salat',448,1),
	(249,'Salat',449,1),
	(250,'Döner',450,1),
	(251,'Pizza',452,1),
	(252,'Pizza',455,1),
	(253,'Pizza',456,1),
	(254,'Pizza',461,1),
	(255,'Pizza',463,1),
	(256,'Salat',464,1),
	(257,'Döner',465,1),
	(258,'Pizza',466,1),
	(259,'Pizza',467,1),
	(260,'Salat',468,1),
	(261,'Salat',469,1),
	(262,'Salat',471,1),
	(263,'Döner',477,1),
	(264,'Döner',478,1),
	(265,'Salat',479,1),
	(266,'Salat',480,1),
	(267,'Döner',481,1),
	(268,'Salat',484,1),
	(269,'Salat',485,1),
	(270,'Pizza',486,1),
	(271,'Döner',488,1),
	(272,'Pizza',490,1),
	(273,'Pizza',492,1),
	(274,'Salat',493,1),
	(275,'Pizza',494,1),
	(276,'Döner',496,1),
	(277,'Salat',499,1),
	(278,'Salat',501,1),
	(279,'Döner',502,1),
	(280,'Pizza',503,1),
	(281,'Döner',505,1),
	(282,'Pizza',506,1),
	(283,'Döner',508,1),
	(284,'Döner',509,1),
	(285,'Pizza',511,1),
	(286,'Döner',512,1),
	(287,'Salat',513,1),
	(288,'Döner',515,1),
	(289,'Pizza',516,1),
	(290,'Döner',518,1),
	(291,'Pizza',519,1),
	(292,'Döner',521,1),
	(293,'Salat',522,1),
	(294,'Pizza',523,1),
	(295,'Döner',524,1),
	(296,'Salat',525,1),
	(297,'Salat',526,1),
	(298,'Döner',528,1),
	(299,'Salat',530,1),
	(300,'Salat',531,1),
	(301,'Döner',532,1),
	(302,'Döner',540,1),
	(303,'Salat',541,1),
	(304,'Döner',544,1),
	(305,'Döner',546,1),
	(306,'Pizza',548,1),
	(307,'Salat',549,1),
	(308,'Salat',551,1),
	(309,'Döner',553,1),
	(310,'Döner',554,1),
	(311,'Pizza',555,1),
	(312,'Pizza',556,1),
	(313,'Pizza',557,1),
	(314,'Salat',559,1),
	(315,'Pizza',562,1),
	(316,'Döner',563,1),
	(317,'Pizza',570,1),
	(318,'Salat',575,1),
	(319,'Salat',576,1),
	(320,'Döner',577,1),
	(321,'Pizza',578,1),
	(322,'Salat',579,1),
	(323,'Salat',585,1),
	(324,'Salat',586,1),
	(325,'Salat',587,1),
	(326,'Salat',588,1),
	(327,'Döner',589,1),
	(328,'Salat',590,1),
	(329,'Salat',591,1),
	(330,'Salat',592,1),
	(331,'Pizza',595,1),
	(332,'Döner',596,1),
	(333,'Döner',598,1),
	(334,'Salat',599,1),
	(335,'Salat',602,1),
	(336,'Salat',604,1),
	(337,'Pizza',605,1),
	(338,'Salat',606,1),
	(339,'Salat',607,1),
	(340,'Döner',611,1),
	(341,'Salat',612,1),
	(342,'Döner',613,1),
	(343,'Döner',614,1),
	(344,'Salat',617,1),
	(345,'Pizza',618,1),
	(346,'Pizza',619,1),
	(347,'Pizza',622,1),
	(348,'Döner',624,1),
	(349,'Salat',625,1),
	(350,'Pizza',627,1),
	(351,'Döner',628,1),
	(352,'Salat',629,1),
	(353,'Pizza',630,1),
	(354,'Döner',638,1),
	(355,'Salat',639,1),
	(356,'Döner',642,1),
	(357,'Döner',644,1),
	(358,'Döner',645,1),
	(359,'Döner',647,1),
	(360,'Salat',653,1),
	(361,'Salat',654,1),
	(362,'Salat',655,1),
	(363,'Pizza',658,1),
	(364,'Pizza',661,1),
	(365,'Pizza',663,1),
	(366,'Döner',664,1),
	(367,'Salat',666,1),
	(368,'Pizza',668,1),
	(369,'Pizza',671,1),
	(370,'Döner',672,1),
	(371,'Döner',673,1),
	(372,'Pizza',678,1),
	(373,'Pizza',680,1),
	(374,'Salat',682,1),
	(375,'Pizza',686,1),
	(376,'Döner',687,1),
	(377,'Pizza',688,1),
	(378,'Salat',690,1),
	(379,'Pizza',691,1),
	(380,'Pizza',693,1),
	(381,'Pizza',694,1),
	(382,'Salat',696,1),
	(383,'Döner',697,1),
	(384,'Salat',698,1),
	(385,'Salat',700,1),
	(386,'Döner',702,1),
	(387,'Pizza',703,1),
	(388,'Pizza',707,1),
	(389,'Pizza',710,1),
	(390,'Döner',715,1),
	(391,'Salat',718,1),
	(392,'Pizza',720,1),
	(393,'Salat',721,1),
	(394,'Döner',722,1),
	(395,'Döner',723,1),
	(396,'Pizza',724,1),
	(397,'Salat',725,1),
	(398,'Salat',726,1),
	(399,'Döner',727,1),
	(400,'Döner',728,1),
	(401,'Salat',729,1),
	(402,'Döner',731,1),
	(403,'Döner',736,1),
	(404,'Pizza',740,1),
	(405,'Döner',741,1),
	(406,'Pizza',743,1),
	(407,'Pizza',746,1),
	(408,'Döner',748,1),
	(409,'Salat',750,1),
	(410,'Döner',752,1),
	(411,'Salat',755,1),
	(412,'Pizza',756,1),
	(413,'Pizza',757,1),
	(414,'Salat',759,1),
	(415,'Salat',761,1),
	(416,'Pizza',762,1),
	(417,'Döner',763,1),
	(418,'Döner',764,1),
	(419,'Salat',765,1),
	(420,'Salat',766,1),
	(421,'Döner',767,1),
	(422,'Döner',769,1),
	(423,'Salat',770,1),
	(424,'Salat',771,1),
	(425,'Pizza',772,1),
	(426,'Döner',774,1),
	(427,'Döner',775,1),
	(428,'Salat',776,1),
	(429,'Döner',777,1),
	(430,'Pizza',778,1),
	(431,'Pizza',779,1),
	(432,'Döner',780,1),
	(433,'Döner',781,1),
	(434,'Pizza',783,1),
	(435,'Salat',785,1),
	(436,'Döner',786,1),
	(437,'Salat',788,1),
	(438,'Pizza',789,1),
	(439,'Pizza',790,1),
	(440,'Pizza',795,1),
	(441,'Salat',796,1),
	(442,'Salat',799,1),
	(443,'Döner',800,1),
	(444,'Döner',801,1),
	(445,'Döner',802,1),
	(446,'Pizza',806,1),
	(447,'Salat',807,1),
	(448,'Pizza',808,1),
	(449,'Salat',809,1),
	(450,'Salat',811,1),
	(451,'Döner',813,1),
	(452,'Salat',814,1),
	(453,'Döner',820,1),
	(454,'Salat',821,1),
	(455,'Döner',825,1),
	(456,'Döner',827,1),
	(457,'Döner',828,1),
	(458,'Pizza',830,1),
	(459,'Döner',835,1),
	(460,'Döner',836,1),
	(461,'Salat',837,1),
	(462,'Salat',838,1),
	(463,'Döner',839,1),
	(464,'Döner',840,1),
	(465,'Salat',841,1),
	(466,'Salat',842,1),
	(467,'Salat',844,1),
	(468,'Döner',845,1),
	(469,'Salat',848,1),
	(470,'Döner',849,1),
	(471,'Pizza',850,1),
	(472,'Döner',858,1),
	(473,'Salat',860,1),
	(474,'Döner',863,1),
	(475,'Salat',864,1),
	(476,'Döner',866,1),
	(477,'Pizza',867,1),
	(478,'Döner',868,1),
	(479,'Döner',871,1),
	(480,'Döner',872,1),
	(481,'Pizza',873,1),
	(482,'Salat',874,1),
	(483,'Pizza',875,1),
	(484,'Salat',878,1),
	(485,'Pizza',879,1),
	(486,'Salat',880,1),
	(487,'Pizza',882,1),
	(488,'Pizza',883,1),
	(489,'Döner',885,1),
	(490,'Döner',887,1),
	(491,'Döner',888,1),
	(492,'Pizza',889,1),
	(493,'Salat',890,1),
	(494,'Pizza',891,1),
	(495,'Salat',892,1),
	(496,'Pizza',894,1),
	(497,'Döner',895,1),
	(498,'Pizza',897,1),
	(499,'Salat',900,1),
	(500,'Salat',902,1),
	(501,'Salat',904,1),
	(502,'Pizza',905,1),
	(503,'Döner',906,1),
	(504,'Salat',907,1),
	(505,'Salat',908,1),
	(506,'Salat',909,1),
	(507,'Salat',912,1),
	(508,'Döner',915,1),
	(509,'Salat',916,1),
	(510,'Döner',917,1),
	(511,'Pizza',918,1),
	(512,'Döner',919,1),
	(513,'Pizza',921,1),
	(514,'Salat',922,1),
	(515,'Döner',924,1),
	(516,'Pizza',925,1),
	(517,'Pizza',926,1),
	(518,'Salat',927,1),
	(519,'Pizza',929,1),
	(520,'Döner',930,1),
	(521,'Salat',931,1),
	(522,'Döner',932,1),
	(523,'Salat',934,1),
	(524,'Pizza',936,1),
	(525,'Pizza',937,1),
	(526,'Salat',938,1),
	(527,'Döner',939,1),
	(528,'Salat',940,1),
	(529,'Pizza',941,1),
	(530,'Pizza',942,1),
	(531,'Pizza',943,1),
	(532,'Salat',944,1),
	(533,'Döner',945,1),
	(534,'Salat',946,1),
	(535,'Salat',949,1),
	(536,'Döner',951,1),
	(537,'Salat',955,1),
	(538,'Döner',956,1),
	(539,'Pizza',958,1),
	(540,'Salat',960,1),
	(541,'Pizza',961,1),
	(542,'Pizza',962,1),
	(543,'Döner',964,1),
	(544,'Salat',967,1),
	(545,'Pizza',968,1),
	(546,'Salat',972,1),
	(547,'Pizza',973,1),
	(548,'Döner',974,1),
	(549,'Pizza',976,1),
	(550,'Döner',978,1),
	(551,'Pizza',979,1),
	(552,'Pizza',981,1),
	(553,'Salat',983,1),
	(554,'Salat',984,1),
	(555,'Döner',987,1),
	(556,'Salat',988,1),
	(557,'Salat',989,1),
	(558,'Döner',990,1),
	(559,'Salat',991,1),
	(560,'Pizza',993,1),
	(561,'Pizza',994,1),
	(562,'Salat',995,1),
	(563,'Pizza',998,1),
	(564,'Pizza',999,1),
	(565,'Salat',1001,1),
	(566,'Döner',1003,1),
	(567,'Pizza',1004,1),
	(568,'Pizza',1005,1),
	(569,'Pizza',1006,1),
	(570,'Salat',1007,1),
	(571,'Döner',1009,1),
	(572,'Pizza',1010,1),
	(573,'Pizza',1012,1),
	(574,'Döner',1018,1),
	(575,'Döner',1020,1),
	(576,'Salat',1021,1),
	(577,'Pizza',1022,1),
	(578,'Pizza',1023,1),
	(579,'Döner',1024,1),
	(580,'Pizza',1025,1),
	(581,'Salat',1026,1),
	(582,'Döner',1027,1),
	(583,'Salat',1029,1),
	(584,'Pizza',1030,1),
	(585,'Salat',1031,1),
	(586,'Döner',1034,1),
	(587,'Salat',1036,1),
	(588,'Döner',1037,1),
	(589,'Pizza',1039,1),
	(590,'Pizza',1040,1),
	(591,'Döner',1041,1),
	(592,'Pizza',1042,1),
	(593,'Döner',1044,1),
	(594,'Salat',1048,1),
	(595,'Döner',1050,1),
	(596,'Döner',1052,1),
	(597,'Salat',1054,1),
	(598,'Döner',1055,1),
	(599,'Basketball',24,3),
	(600,'Handball',25,3),
	(601,'Basketball',26,3),
	(602,'Basketball',27,3),
	(603,'Handball',28,3),
	(604,'Handball',44,3),
	(605,'Handball',56,3),
	(606,'Handball',57,3),
	(607,'Fussball',59,3),
	(608,'Handball',60,3),
	(609,'Handball',61,3),
	(610,'Basketball',63,3),
	(611,'Fussball',65,3),
	(612,'Handball',66,3),
	(613,'Fussball',70,3),
	(614,'Basketball',71,3),
	(615,'Handball',73,3),
	(616,'Basketball',74,3),
	(617,'Handball',76,3),
	(618,'Handball',77,3),
	(619,'Fussball',79,3),
	(620,'Handball',80,3),
	(621,'Basketball',81,3),
	(622,'Handball',84,3),
	(623,'Handball',89,3),
	(624,'Handball',90,3),
	(625,'Basketball',91,3),
	(626,'Basketball',93,3),
	(627,'Basketball',95,3),
	(628,'Fussball',96,3),
	(629,'Basketball',97,3),
	(630,'Handball',99,3),
	(631,'Fussball',101,3),
	(632,'Fussball',102,3),
	(633,'Handball',103,3),
	(634,'Fussball',105,3),
	(635,'Basketball',106,3),
	(636,'Handball',108,3),
	(637,'Basketball',110,3),
	(638,'Fussball',111,3),
	(639,'Fussball',113,3),
	(640,'Basketball',115,3),
	(641,'Basketball',117,3),
	(642,'Fussball',118,3),
	(643,'Fussball',119,3),
	(644,'Fussball',120,3),
	(645,'Handball',121,3),
	(646,'Basketball',123,3),
	(647,'Handball',124,3),
	(648,'Handball',125,3),
	(649,'Handball',126,3),
	(650,'Handball',127,3),
	(651,'Handball',128,3),
	(652,'Fussball',129,3),
	(653,'Handball',130,3),
	(654,'Fussball',132,3),
	(655,'Basketball',134,3),
	(656,'Basketball',135,3),
	(657,'Basketball',138,3),
	(658,'Basketball',142,3),
	(659,'Handball',143,3),
	(660,'Handball',147,3),
	(661,'Fussball',152,3),
	(662,'Handball',154,3),
	(663,'Basketball',156,3),
	(664,'Fussball',158,3),
	(665,'Basketball',159,3),
	(666,'Basketball',160,3),
	(667,'Handball',162,3),
	(668,'Fussball',164,3),
	(669,'Handball',165,3),
	(670,'Fussball',166,3),
	(671,'Basketball',167,3),
	(672,'Fussball',169,3),
	(673,'Handball',170,3),
	(674,'Handball',171,3),
	(675,'Handball',172,3),
	(676,'Basketball',174,3),
	(677,'Fussball',175,3),
	(678,'Fussball',177,3),
	(679,'Fussball',178,3),
	(680,'Basketball',179,3),
	(681,'Handball',181,3),
	(682,'Fussball',183,3),
	(683,'Fussball',185,3),
	(684,'Fussball',188,3),
	(685,'Fussball',193,3),
	(686,'Handball',195,3),
	(687,'Basketball',196,3),
	(688,'Fussball',197,3),
	(689,'Handball',198,3),
	(690,'Basketball',199,3),
	(691,'Fussball',201,3),
	(692,'Handball',204,3),
	(693,'Handball',205,3),
	(694,'Basketball',206,3),
	(695,'Fussball',210,3),
	(696,'Fussball',213,3),
	(697,'Fussball',214,3),
	(698,'Handball',216,3),
	(699,'Basketball',218,3),
	(700,'Fussball',221,3),
	(701,'Basketball',222,3),
	(702,'Fussball',223,3),
	(703,'Handball',224,3),
	(704,'Handball',225,3),
	(705,'Handball',227,3),
	(706,'Fussball',228,3),
	(707,'Fussball',235,3),
	(708,'Basketball',239,3),
	(709,'Basketball',240,3),
	(710,'Fussball',241,3),
	(711,'Handball',242,3),
	(712,'Fussball',247,3),
	(713,'Fussball',248,3),
	(714,'Handball',249,3),
	(715,'Handball',251,3),
	(716,'Handball',253,3),
	(717,'Fussball',257,3),
	(718,'Fussball',260,3),
	(719,'Handball',262,3),
	(720,'Basketball',263,3),
	(721,'Handball',264,3),
	(722,'Basketball',265,3),
	(723,'Basketball',266,3),
	(724,'Fussball',267,3),
	(725,'Handball',268,3),
	(726,'Basketball',270,3),
	(727,'Handball',271,3),
	(728,'Fussball',272,3),
	(729,'Basketball',277,3),
	(730,'Fussball',278,3),
	(731,'Fussball',282,3),
	(732,'Basketball',283,3),
	(733,'Fussball',285,3),
	(734,'Basketball',287,3),
	(735,'Fussball',288,3),
	(736,'Fussball',289,3),
	(737,'Handball',293,3),
	(738,'Basketball',294,3),
	(739,'Fussball',295,3),
	(740,'Handball',296,3),
	(741,'Basketball',299,3),
	(742,'Basketball',300,3),
	(743,'Fussball',302,3),
	(744,'Basketball',305,3),
	(745,'Handball',306,3),
	(746,'Basketball',307,3),
	(747,'Basketball',308,3),
	(748,'Basketball',309,3),
	(749,'Handball',310,3),
	(750,'Basketball',311,3),
	(751,'Fussball',315,3),
	(752,'Handball',317,3),
	(753,'Handball',318,3),
	(754,'Handball',320,3),
	(755,'Handball',321,3),
	(756,'Basketball',323,3),
	(757,'Basketball',324,3),
	(758,'Basketball',325,3),
	(759,'Handball',327,3),
	(760,'Fussball',329,3),
	(761,'Handball',330,3),
	(762,'Handball',331,3),
	(763,'Handball',332,3),
	(764,'Basketball',333,3),
	(765,'Handball',334,3),
	(766,'Basketball',336,3),
	(767,'Handball',337,3),
	(768,'Handball',339,3),
	(769,'Basketball',340,3),
	(770,'Fussball',343,3),
	(771,'Fussball',344,3),
	(772,'Handball',345,3),
	(773,'Fussball',347,3),
	(774,'Handball',348,3),
	(775,'Basketball',349,3),
	(776,'Fussball',350,3),
	(777,'Basketball',351,3),
	(778,'Basketball',352,3),
	(779,'Handball',353,3),
	(780,'Handball',354,3),
	(781,'Handball',355,3),
	(782,'Handball',356,3),
	(783,'Fussball',357,3),
	(784,'Fussball',360,3),
	(785,'Basketball',362,3),
	(786,'Handball',363,3),
	(787,'Handball',364,3),
	(788,'Fussball',366,3),
	(789,'Basketball',367,3),
	(790,'Handball',372,3),
	(791,'Basketball',373,3),
	(792,'Basketball',374,3),
	(793,'Handball',375,3),
	(794,'Handball',376,3),
	(795,'Handball',379,3),
	(796,'Fussball',381,3),
	(797,'Handball',383,3),
	(798,'Handball',384,3),
	(799,'Fussball',385,3),
	(800,'Handball',388,3),
	(801,'Handball',389,3),
	(802,'Basketball',391,3),
	(803,'Basketball',392,3),
	(804,'Basketball',394,3),
	(805,'Fussball',401,3),
	(806,'Fussball',403,3),
	(807,'Fussball',404,3),
	(808,'Handball',405,3),
	(809,'Fussball',407,3),
	(810,'Fussball',408,3),
	(811,'Fussball',409,3),
	(812,'Basketball',410,3),
	(813,'Handball',415,3),
	(814,'Handball',418,3),
	(815,'Fussball',419,3),
	(816,'Basketball',420,3),
	(817,'Fussball',421,3),
	(818,'Fussball',422,3),
	(819,'Handball',423,3),
	(820,'Fussball',425,3),
	(821,'Handball',426,3),
	(822,'Fussball',427,3),
	(823,'Handball',428,3),
	(824,'Handball',431,3),
	(825,'Basketball',432,3),
	(826,'Fussball',433,3),
	(827,'Handball',437,3),
	(828,'Handball',439,3),
	(829,'Fussball',441,3),
	(830,'Fussball',442,3),
	(831,'Fussball',443,3),
	(832,'Fussball',444,3),
	(833,'Fussball',445,3),
	(834,'Basketball',446,3),
	(835,'Handball',448,3),
	(836,'Basketball',452,3),
	(837,'Fussball',453,3),
	(838,'Fussball',456,3),
	(839,'Fussball',458,3),
	(840,'Basketball',461,3),
	(841,'Fussball',463,3),
	(842,'Handball',464,3),
	(843,'Fussball',465,3),
	(844,'Fussball',467,3),
	(845,'Fussball',469,3),
	(846,'Fussball',470,3),
	(847,'Handball',471,3),
	(848,'Basketball',473,3),
	(849,'Fussball',474,3),
	(850,'Basketball',475,3),
	(851,'Handball',476,3),
	(852,'Fussball',478,3),
	(853,'Basketball',480,3),
	(854,'Handball',481,3),
	(855,'Basketball',482,3),
	(856,'Basketball',483,3),
	(857,'Basketball',484,3),
	(858,'Fussball',485,3),
	(859,'Handball',487,3),
	(860,'Handball',489,3),
	(861,'Fussball',490,3),
	(862,'Basketball',491,3),
	(863,'Basketball',492,3),
	(864,'Handball',493,3),
	(865,'Basketball',494,3),
	(866,'Basketball',496,3),
	(867,'Basketball',499,3),
	(868,'Basketball',500,3),
	(869,'Handball',501,3),
	(870,'Basketball',502,3),
	(871,'Basketball',504,3),
	(872,'Basketball',506,3),
	(873,'Fussball',508,3),
	(874,'Basketball',512,3),
	(875,'Fussball',513,3),
	(876,'Basketball',514,3),
	(877,'Basketball',515,3),
	(878,'Fussball',516,3),
	(879,'Handball',518,3),
	(880,'Fussball',519,3),
	(881,'Fussball',520,3),
	(882,'Fussball',521,3),
	(883,'Basketball',524,3),
	(884,'Fussball',526,3),
	(885,'Fussball',527,3),
	(886,'Basketball',530,3),
	(887,'Fussball',532,3),
	(888,'Basketball',533,3),
	(889,'Handball',534,3),
	(890,'Fussball',538,3),
	(891,'Handball',539,3),
	(892,'Fussball',540,3),
	(893,'Fussball',541,3),
	(894,'Fussball',542,3),
	(895,'Basketball',548,3),
	(896,'Handball',549,3),
	(897,'Fussball',551,3),
	(898,'Basketball',556,3),
	(899,'Basketball',558,3),
	(900,'Basketball',560,3),
	(901,'Handball',561,3),
	(902,'Fussball',563,3),
	(903,'Handball',564,3),
	(904,'Fussball',565,3),
	(905,'Fussball',566,3),
	(906,'Fussball',567,3),
	(907,'Fussball',568,3),
	(908,'Handball',569,3),
	(909,'Handball',571,3),
	(910,'Handball',572,3),
	(911,'Fussball',573,3),
	(912,'Fussball',576,3),
	(913,'Fussball',577,3),
	(914,'Handball',579,3),
	(915,'Basketball',580,3),
	(916,'Fussball',583,3),
	(917,'Fussball',586,3),
	(918,'Basketball',587,3),
	(919,'Handball',588,3),
	(920,'Fussball',589,3),
	(921,'Fussball',590,3),
	(922,'Fussball',591,3),
	(923,'Basketball',592,3),
	(924,'Basketball',595,3),
	(925,'Fussball',596,3),
	(926,'Basketball',597,3),
	(927,'Basketball',598,3),
	(928,'Basketball',599,3),
	(929,'Fussball',604,3),
	(930,'Handball',605,3),
	(931,'Basketball',607,3),
	(932,'Handball',608,3),
	(933,'Basketball',609,3),
	(934,'Handball',610,3),
	(935,'Basketball',611,3),
	(936,'Basketball',613,3),
	(937,'Fussball',615,3),
	(938,'Handball',616,3),
	(939,'Basketball',618,3),
	(940,'Handball',619,3),
	(941,'Basketball',620,3),
	(942,'Fussball',622,3),
	(943,'Handball',624,3),
	(944,'Fussball',633,3),
	(945,'Fussball',634,3),
	(946,'Fussball',635,3),
	(947,'Fussball',636,3),
	(948,'Handball',637,3),
	(949,'Fussball',642,3),
	(950,'Fussball',643,3),
	(951,'Handball',647,3),
	(952,'Basketball',648,3),
	(953,'Handball',650,3),
	(954,'Basketball',652,3),
	(955,'Handball',653,3),
	(956,'Handball',655,3),
	(957,'Basketball',656,3),
	(958,'Fussball',657,3),
	(959,'Basketball',661,3),
	(960,'Basketball',662,3),
	(961,'Basketball',665,3),
	(962,'Fussball',667,3),
	(963,'Handball',668,3),
	(964,'Handball',669,3),
	(965,'Fussball',670,3),
	(966,'Basketball',671,3),
	(967,'Basketball',672,3),
	(968,'Fussball',673,3),
	(969,'Handball',674,3),
	(970,'Handball',675,3),
	(971,'Handball',676,3),
	(972,'Handball',677,3),
	(973,'Fussball',678,3),
	(974,'Basketball',680,3),
	(975,'Handball',681,3),
	(976,'Fussball',682,3),
	(977,'Basketball',683,3),
	(978,'Fussball',685,3),
	(979,'Basketball',686,3),
	(980,'Basketball',694,3),
	(981,'Handball',696,3),
	(982,'Handball',697,3),
	(983,'Handball',701,3),
	(984,'Handball',702,3),
	(985,'Handball',703,3),
	(986,'Handball',704,3),
	(987,'Basketball',706,3),
	(988,'Handball',707,3),
	(989,'Basketball',709,3),
	(990,'Fussball',712,3),
	(991,'Handball',713,3),
	(992,'Fussball',714,3),
	(993,'Basketball',716,3),
	(994,'Handball',717,3),
	(995,'Handball',718,3),
	(996,'Fussball',721,3),
	(997,'Fussball',722,3),
	(998,'Handball',723,3),
	(999,'Fussball',727,3),
	(1000,'Basketball',728,3),
	(1001,'Handball',731,3),
	(1002,'Basketball',732,3),
	(1003,'Fussball',733,3),
	(1004,'Handball',734,3),
	(1005,'Basketball',735,3),
	(1006,'Handball',737,3),
	(1007,'Fussball',739,3),
	(1008,'Fussball',741,3),
	(1009,'Handball',745,3),
	(1010,'Fussball',748,3),
	(1011,'Basketball',749,3),
	(1012,'Fussball',750,3),
	(1013,'Basketball',751,3),
	(1014,'Handball',752,3),
	(1015,'Fussball',753,3),
	(1016,'Handball',754,3),
	(1017,'Handball',756,3),
	(1018,'Basketball',757,3),
	(1019,'Handball',759,3),
	(1020,'Fussball',761,3),
	(1021,'Handball',762,3),
	(1022,'Fussball',763,3),
	(1023,'Handball',764,3),
	(1024,'Handball',765,3),
	(1025,'Basketball',766,3),
	(1026,'Fussball',767,3),
	(1027,'Fussball',768,3),
	(1028,'Handball',769,3),
	(1029,'Fussball',770,3),
	(1030,'Basketball',774,3),
	(1031,'Basketball',775,3),
	(1032,'Handball',776,3),
	(1033,'Fussball',777,3),
	(1034,'Fussball',779,3),
	(1035,'Fussball',781,3),
	(1036,'Fussball',782,3),
	(1037,'Basketball',783,3),
	(1038,'Basketball',784,3),
	(1039,'Basketball',785,3),
	(1040,'Fussball',787,3),
	(1041,'Handball',789,3),
	(1042,'Fussball',791,3),
	(1043,'Basketball',792,3),
	(1044,'Handball',793,3),
	(1045,'Basketball',795,3),
	(1046,'Fussball',797,3),
	(1047,'Basketball',801,3),
	(1048,'Fussball',803,3),
	(1049,'Basketball',805,3),
	(1050,'Basketball',806,3),
	(1051,'Handball',808,3),
	(1052,'Handball',809,3),
	(1053,'Basketball',810,3),
	(1054,'Handball',811,3),
	(1055,'Fussball',812,3),
	(1056,'Fussball',813,3),
	(1057,'Handball',815,3),
	(1058,'Handball',816,3),
	(1059,'Basketball',817,3),
	(1060,'Fussball',820,3),
	(1061,'Basketball',821,3),
	(1062,'Fussball',824,3),
	(1063,'Basketball',825,3),
	(1064,'Basketball',827,3),
	(1065,'Fussball',828,3),
	(1066,'Basketball',829,3),
	(1067,'Fussball',831,3),
	(1068,'Fussball',832,3),
	(1069,'Basketball',833,3),
	(1070,'Handball',835,3),
	(1071,'Basketball',836,3),
	(1072,'Handball',837,3),
	(1073,'Handball',838,3),
	(1074,'Fussball',839,3),
	(1075,'Basketball',840,3),
	(1076,'Basketball',842,3),
	(1077,'Basketball',845,3),
	(1078,'Fussball',846,3),
	(1079,'Fussball',847,3),
	(1080,'Handball',848,3),
	(1081,'Fussball',850,3),
	(1082,'Fussball',852,3),
	(1083,'Basketball',853,3),
	(1084,'Fussball',855,3),
	(1085,'Handball',856,3),
	(1086,'Handball',857,3),
	(1087,'Handball',858,3),
	(1088,'Fussball',859,3),
	(1089,'Handball',865,3),
	(1090,'Basketball',869,3),
	(1091,'Basketball',870,3),
	(1092,'Basketball',872,3),
	(1093,'Basketball',873,3),
	(1094,'Fussball',875,3),
	(1095,'Handball',878,3),
	(1096,'Basketball',879,3),
	(1097,'Fussball',881,3),
	(1098,'Handball',885,3),
	(1099,'Handball',886,3),
	(1100,'Fussball',887,3),
	(1101,'Fussball',888,3),
	(1102,'Basketball',889,3),
	(1103,'Basketball',890,3),
	(1104,'Fussball',891,3),
	(1105,'Handball',892,3),
	(1106,'Handball',894,3),
	(1107,'Fussball',896,3),
	(1108,'Basketball',898,3),
	(1109,'Fussball',899,3),
	(1110,'Fussball',901,3),
	(1111,'Handball',903,3),
	(1112,'Fussball',904,3),
	(1113,'Handball',907,3),
	(1114,'Fussball',908,3),
	(1115,'Handball',912,3),
	(1116,'Handball',913,3),
	(1117,'Fussball',918,3),
	(1118,'Basketball',919,3),
	(1119,'Basketball',920,3),
	(1120,'Basketball',921,3),
	(1121,'Fussball',922,3),
	(1122,'Basketball',927,3),
	(1123,'Handball',929,3),
	(1124,'Handball',930,3),
	(1125,'Fussball',931,3),
	(1126,'Fussball',934,3),
	(1127,'Basketball',935,3),
	(1128,'Basketball',937,3),
	(1129,'Fussball',938,3),
	(1130,'Fussball',941,3),
	(1131,'Fussball',942,3),
	(1132,'Fussball',945,3),
	(1133,'Basketball',946,3),
	(1134,'Fussball',948,3),
	(1135,'Handball',949,3),
	(1136,'Handball',951,3),
	(1137,'Fussball',952,3),
	(1138,'Handball',953,3),
	(1139,'Fussball',956,3),
	(1140,'Handball',958,3),
	(1141,'Handball',961,3),
	(1142,'Fussball',963,3),
	(1143,'Basketball',964,3),
	(1144,'Fussball',969,3),
	(1145,'Basketball',971,3),
	(1146,'Fussball',972,3),
	(1147,'Basketball',973,3),
	(1148,'Handball',974,3),
	(1149,'Fussball',975,3),
	(1150,'Fussball',976,3),
	(1151,'Basketball',977,3),
	(1152,'Fussball',979,3),
	(1153,'Fussball',980,3),
	(1154,'Handball',983,3),
	(1155,'Handball',984,3),
	(1156,'Fussball',985,3),
	(1157,'Basketball',987,3),
	(1158,'Fussball',988,3),
	(1159,'Basketball',990,3),
	(1160,'Handball',992,3),
	(1161,'Handball',993,3),
	(1162,'Basketball',994,3),
	(1163,'Handball',998,3),
	(1164,'Fussball',1001,3),
	(1165,'Fussball',1002,3),
	(1166,'Handball',1003,3),
	(1167,'Fussball',1004,3),
	(1168,'Handball',1005,3),
	(1169,'Fussball',1006,3),
	(1170,'Handball',1007,3),
	(1171,'Handball',1010,3),
	(1172,'Basketball',1011,3),
	(1173,'Fussball',1012,3),
	(1174,'Handball',1013,3),
	(1175,'Basketball',1014,3),
	(1176,'Fussball',1017,3),
	(1177,'Handball',1018,3),
	(1178,'Basketball',1019,3),
	(1179,'Basketball',1021,3),
	(1180,'Basketball',1022,3),
	(1181,'Fussball',1024,3),
	(1182,'Basketball',1025,3),
	(1183,'Fussball',1026,3),
	(1184,'Handball',1028,3),
	(1185,'Fussball',1029,3),
	(1186,'Fussball',1030,3),
	(1187,'Fussball',1034,3),
	(1188,'Basketball',1037,3),
	(1189,'Basketball',1038,3),
	(1190,'Handball',1039,3),
	(1191,'Fussball',1041,3),
	(1192,'Basketball',1042,3),
	(1193,'Basketball',1043,3),
	(1194,'Handball',1044,3),
	(1195,'Handball',1046,3),
	(1196,'Handball',1047,3),
	(1197,'Handball',1048,3),
	(1198,'Handball',1049,3),
	(1199,'Handball',1051,3),
	(1200,'Basketball',1055,3),
	(1201,'Handball',1056,3),
	(1202,'Weizen',25,13),
	(1203,'Weizen',26,13),
	(1204,'Export',27,13),
	(1205,'Export',36,13),
	(1206,'Pils',59,13),
	(1207,'Export',61,13),
	(1208,'Export',62,13),
	(1209,'Weizen',64,13),
	(1210,'Weizen',65,13),
	(1211,'Pils',66,13),
	(1212,'Weizen',67,13),
	(1213,'Pils',68,13),
	(1214,'Weizen',69,13),
	(1215,'Export',70,13),
	(1216,'Export',72,13),
	(1217,'Export',73,13),
	(1218,'Export',74,13),
	(1219,'Pils',75,13),
	(1220,'Weizen',78,13),
	(1221,'Export',79,13),
	(1222,'Export',80,13),
	(1223,'Weizen',81,13),
	(1224,'Export',83,13),
	(1225,'Weizen',84,13),
	(1226,'Export',85,13),
	(1227,'Export',86,13),
	(1228,'Weizen',87,13),
	(1229,'Export',88,13),
	(1230,'Pils',89,13),
	(1231,'Weizen',90,13),
	(1232,'Export',92,13),
	(1233,'Weizen',93,13),
	(1234,'Weizen',95,13),
	(1235,'Weizen',96,13),
	(1236,'Pils',98,13),
	(1237,'Pils',99,13),
	(1238,'Pils',100,13),
	(1239,'Export',103,13),
	(1240,'Pils',104,13),
	(1241,'Pils',105,13),
	(1242,'Pils',107,13),
	(1243,'Pils',111,13),
	(1244,'Export',115,13),
	(1245,'Weizen',116,13),
	(1246,'Weizen',117,13),
	(1247,'Weizen',118,13),
	(1248,'Weizen',120,13),
	(1249,'Export',121,13),
	(1250,'Pils',122,13),
	(1251,'Weizen',123,13),
	(1252,'Export',125,13),
	(1253,'Weizen',127,13),
	(1254,'Pils',129,13),
	(1255,'Weizen',131,13),
	(1256,'Export',133,13),
	(1257,'Export',134,13),
	(1258,'Pils',135,13),
	(1259,'Weizen',136,13),
	(1260,'Weizen',137,13),
	(1261,'Weizen',139,13),
	(1262,'Export',140,13),
	(1263,'Pils',141,13),
	(1264,'Export',142,13),
	(1265,'Export',143,13),
	(1266,'Weizen',145,13),
	(1267,'Weizen',148,13),
	(1268,'Export',150,13),
	(1269,'Export',151,13),
	(1270,'Pils',153,13),
	(1271,'Weizen',154,13),
	(1272,'Weizen',158,13),
	(1273,'Export',159,13),
	(1274,'Weizen',160,13),
	(1275,'Pils',161,13),
	(1276,'Weizen',162,13),
	(1277,'Pils',167,13),
	(1278,'Weizen',168,13),
	(1279,'Weizen',171,13),
	(1280,'Weizen',172,13),
	(1281,'Weizen',173,13),
	(1282,'Export',176,13),
	(1283,'Pils',177,13),
	(1284,'Export',180,13),
	(1285,'Export',181,13),
	(1286,'Weizen',182,13),
	(1287,'Weizen',188,13),
	(1288,'Export',191,13),
	(1289,'Pils',194,13),
	(1290,'Pils',197,13),
	(1291,'Export',202,13),
	(1292,'Pils',205,13),
	(1293,'Pils',206,13),
	(1294,'Weizen',207,13),
	(1295,'Pils',208,13),
	(1296,'Weizen',212,13),
	(1297,'Pils',213,13),
	(1298,'Export',214,13),
	(1299,'Weizen',215,13),
	(1300,'Pils',216,13),
	(1301,'Pils',218,13),
	(1302,'Weizen',221,13),
	(1303,'Pils',223,13),
	(1304,'Pils',224,13),
	(1305,'Export',226,13),
	(1306,'Pils',227,13),
	(1307,'Export',228,13),
	(1308,'Weizen',230,13),
	(1309,'Export',237,13),
	(1310,'Export',238,13),
	(1311,'Weizen',239,13),
	(1312,'Weizen',246,13),
	(1313,'Export',247,13),
	(1314,'Weizen',248,13),
	(1315,'Weizen',249,13),
	(1316,'Export',250,13),
	(1317,'Export',251,13),
	(1318,'Weizen',255,13),
	(1319,'Export',256,13),
	(1320,'Pils',257,13),
	(1321,'Pils',258,13),
	(1322,'Weizen',260,13),
	(1323,'Pils',261,13),
	(1324,'Weizen',262,13),
	(1325,'Weizen',264,13),
	(1326,'Export',265,13),
	(1327,'Weizen',266,13),
	(1328,'Pils',267,13),
	(1329,'Pils',268,13),
	(1330,'Pils',271,13),
	(1331,'Weizen',272,13),
	(1332,'Export',273,13),
	(1333,'Export',275,13),
	(1334,'Pils',276,13),
	(1335,'Export',277,13),
	(1336,'Weizen',278,13),
	(1337,'Weizen',279,13),
	(1338,'Weizen',280,13),
	(1339,'Weizen',281,13),
	(1340,'Weizen',282,13),
	(1341,'Export',283,13),
	(1342,'Export',284,13),
	(1343,'Pils',286,13),
	(1344,'Pils',289,13),
	(1345,'Export',293,13),
	(1346,'Weizen',294,13),
	(1347,'Pils',295,13),
	(1348,'Weizen',298,13),
	(1349,'Export',299,13),
	(1350,'Weizen',302,13),
	(1351,'Export',303,13),
	(1352,'Weizen',304,13),
	(1353,'Pils',305,13),
	(1354,'Export',306,13),
	(1355,'Weizen',308,13),
	(1356,'Pils',310,13),
	(1357,'Export',311,13),
	(1358,'Weizen',313,13),
	(1359,'Pils',314,13),
	(1360,'Export',317,13),
	(1361,'Weizen',318,13),
	(1362,'Weizen',319,13),
	(1363,'Pils',320,13),
	(1364,'Pils',323,13),
	(1365,'Export',327,13),
	(1366,'Weizen',328,13),
	(1367,'Export',329,13),
	(1368,'Export',332,13),
	(1369,'Weizen',333,13),
	(1370,'Weizen',334,13),
	(1371,'Weizen',335,13),
	(1372,'Export',336,13),
	(1373,'Pils',338,13),
	(1374,'Weizen',339,13),
	(1375,'Export',340,13),
	(1376,'Export',341,13),
	(1377,'Weizen',342,13),
	(1378,'Pils',343,13),
	(1379,'Pils',346,13),
	(1380,'Pils',347,13),
	(1381,'Pils',348,13),
	(1382,'Weizen',349,13),
	(1383,'Export',352,13),
	(1384,'Export',353,13),
	(1385,'Pils',356,13),
	(1386,'Weizen',357,13),
	(1387,'Pils',358,13),
	(1388,'Export',359,13),
	(1389,'Export',360,13),
	(1390,'Export',361,13),
	(1391,'Export',365,13),
	(1392,'Pils',366,13),
	(1393,'Export',367,13),
	(1394,'Pils',368,13),
	(1395,'Weizen',369,13),
	(1396,'Weizen',371,13),
	(1397,'Weizen',372,13),
	(1398,'Weizen',373,13),
	(1399,'Export',374,13),
	(1400,'Pils',375,13),
	(1401,'Export',376,13),
	(1402,'Export',377,13),
	(1403,'Weizen',378,13),
	(1404,'Export',381,13),
	(1405,'Pils',382,13),
	(1406,'Pils',384,13),
	(1407,'Weizen',385,13),
	(1408,'Pils',386,13),
	(1409,'Weizen',388,13),
	(1410,'Weizen',389,13),
	(1411,'Weizen',392,13),
	(1412,'Weizen',393,13),
	(1413,'Export',395,13),
	(1414,'Export',396,13),
	(1415,'Pils',397,13),
	(1416,'Weizen',398,13),
	(1417,'Pils',399,13),
	(1418,'Weizen',401,13),
	(1419,'Export',402,13),
	(1420,'Weizen',403,13),
	(1421,'Pils',405,13),
	(1422,'Weizen',406,13),
	(1423,'Pils',407,13),
	(1424,'Weizen',408,13),
	(1425,'Weizen',409,13),
	(1426,'Export',410,13),
	(1427,'Weizen',414,13),
	(1428,'Weizen',415,13),
	(1429,'Export',416,13),
	(1430,'Export',417,13),
	(1431,'Weizen',418,13),
	(1432,'Export',420,13),
	(1433,'Weizen',423,13),
	(1434,'Weizen',426,13),
	(1435,'Pils',429,13),
	(1436,'Pils',432,13),
	(1437,'Export',433,13),
	(1438,'Export',435,13),
	(1439,'Pils',437,13),
	(1440,'Weizen',438,13),
	(1441,'Weizen',442,13),
	(1442,'Export',443,13),
	(1443,'Export',444,13),
	(1444,'Pils',445,13),
	(1445,'Export',447,13),
	(1446,'Weizen',448,13),
	(1447,'Pils',450,13),
	(1448,'Export',451,13),
	(1449,'Export',452,13),
	(1450,'Weizen',454,13),
	(1451,'Weizen',455,13),
	(1452,'Pils',456,13),
	(1453,'Pils',461,13),
	(1454,'Export',462,13),
	(1455,'Weizen',465,13),
	(1456,'Pils',468,13),
	(1457,'Export',469,13),
	(1458,'Export',470,13),
	(1459,'Pils',471,13),
	(1460,'Weizen',472,13),
	(1461,'Export',473,13),
	(1462,'Export',474,13),
	(1463,'Export',476,13),
	(1464,'Weizen',478,13),
	(1465,'Export',479,13),
	(1466,'Weizen',480,13),
	(1467,'Pils',483,13),
	(1468,'Pils',485,13),
	(1469,'Weizen',486,13),
	(1470,'Pils',487,13),
	(1471,'Weizen',489,13),
	(1472,'Weizen',493,13),
	(1473,'Pils',494,13),
	(1474,'Weizen',497,13),
	(1475,'Export',498,13),
	(1476,'Pils',499,13),
	(1477,'Export',501,13),
	(1478,'Export',502,13),
	(1479,'Weizen',503,13),
	(1480,'Pils',505,13),
	(1481,'Weizen',508,13),
	(1482,'Pils',509,13),
	(1483,'Pils',511,13),
	(1484,'Export',512,13),
	(1485,'Pils',514,13),
	(1486,'Pils',515,13),
	(1487,'Weizen',517,13),
	(1488,'Pils',519,13),
	(1489,'Pils',520,13),
	(1490,'Weizen',521,13),
	(1491,'Pils',522,13),
	(1492,'Export',523,13),
	(1493,'Pils',525,13),
	(1494,'Weizen',530,13),
	(1495,'Weizen',531,13),
	(1496,'Weizen',532,13),
	(1497,'Export',534,13),
	(1498,'Pils',536,13),
	(1499,'Export',538,13),
	(1500,'Export',539,13),
	(1501,'Pils',541,13),
	(1502,'Export',543,13),
	(1503,'Weizen',544,13),
	(1504,'Export',545,13),
	(1505,'Export',546,13),
	(1506,'Weizen',550,13),
	(1507,'Weizen',551,13),
	(1508,'Weizen',552,13),
	(1509,'Export',553,13),
	(1510,'Pils',555,13),
	(1511,'Weizen',558,13),
	(1512,'Weizen',559,13),
	(1513,'Weizen',560,13),
	(1514,'Export',563,13),
	(1515,'Pils',566,13),
	(1516,'Weizen',568,13),
	(1517,'Weizen',570,13),
	(1518,'Export',571,13),
	(1519,'Export',573,13),
	(1520,'Export',574,13),
	(1521,'Pils',575,13),
	(1522,'Weizen',576,13),
	(1523,'Export',578,13),
	(1524,'Pils',580,13),
	(1525,'Export',582,13),
	(1526,'Export',585,13),
	(1527,'Pils',586,13),
	(1528,'Weizen',587,13),
	(1529,'Weizen',588,13),
	(1530,'Export',589,13),
	(1531,'Pils',590,13),
	(1532,'Export',593,13),
	(1533,'Weizen',595,13),
	(1534,'Pils',596,13),
	(1535,'Pils',597,13),
	(1536,'Pils',598,13),
	(1537,'Weizen',599,13),
	(1538,'Pils',601,13),
	(1539,'Export',602,13),
	(1540,'Pils',610,13),
	(1541,'Pils',613,13),
	(1542,'Pils',614,13),
	(1543,'Weizen',615,13),
	(1544,'Weizen',616,13),
	(1545,'Weizen',617,13),
	(1546,'Weizen',618,13),
	(1547,'Weizen',619,13),
	(1548,'Export',620,13),
	(1549,'Export',622,13),
	(1550,'Weizen',624,13),
	(1551,'Export',625,13),
	(1552,'Weizen',626,13),
	(1553,'Pils',628,13),
	(1554,'Weizen',629,13),
	(1555,'Weizen',630,13),
	(1556,'Export',631,13),
	(1557,'Weizen',632,13),
	(1558,'Weizen',633,13),
	(1559,'Pils',634,13),
	(1560,'Export',636,13),
	(1561,'Pils',638,13),
	(1562,'Export',639,13),
	(1563,'Pils',641,13),
	(1564,'Export',643,13),
	(1565,'Export',645,13),
	(1566,'Weizen',646,13),
	(1567,'Export',648,13),
	(1568,'Weizen',652,13),
	(1569,'Pils',655,13),
	(1570,'Pils',657,13),
	(1571,'Pils',660,13),
	(1572,'Export',661,13),
	(1573,'Export',665,13),
	(1574,'Pils',666,13),
	(1575,'Export',667,13),
	(1576,'Pils',668,13),
	(1577,'Export',669,13),
	(1578,'Export',670,13),
	(1579,'Pils',672,13),
	(1580,'Pils',673,13),
	(1581,'Pils',675,13),
	(1582,'Export',679,13),
	(1583,'Export',680,13),
	(1584,'Weizen',681,13),
	(1585,'Weizen',683,13),
	(1586,'Pils',684,13),
	(1587,'Pils',686,13),
	(1588,'Export',688,13),
	(1589,'Export',689,13),
	(1590,'Weizen',690,13),
	(1591,'Pils',691,13),
	(1592,'Pils',692,13),
	(1593,'Pils',694,13),
	(1594,'Weizen',695,13),
	(1595,'Weizen',696,13),
	(1596,'Pils',697,13),
	(1597,'Weizen',698,13),
	(1598,'Pils',700,13),
	(1599,'Export',703,13),
	(1600,'Pils',705,13),
	(1601,'Export',706,13),
	(1602,'Pils',707,13),
	(1603,'Weizen',708,13),
	(1604,'Pils',710,13),
	(1605,'Weizen',712,13),
	(1606,'Export',714,13),
	(1607,'Export',716,13),
	(1608,'Weizen',718,13),
	(1609,'Export',719,13),
	(1610,'Weizen',720,13),
	(1611,'Export',722,13),
	(1612,'Weizen',724,13),
	(1613,'Weizen',727,13),
	(1614,'Export',728,13),
	(1615,'Weizen',729,13),
	(1616,'Pils',731,13),
	(1617,'Export',734,13),
	(1618,'Pils',735,13),
	(1619,'Pils',736,13),
	(1620,'Pils',737,13),
	(1621,'Weizen',738,13),
	(1622,'Weizen',739,13),
	(1623,'Weizen',741,13),
	(1624,'Weizen',742,13),
	(1625,'Weizen',746,13),
	(1626,'Pils',748,13),
	(1627,'Export',750,13),
	(1628,'Pils',751,13),
	(1629,'Weizen',752,13),
	(1630,'Pils',754,13),
	(1631,'Weizen',756,13),
	(1632,'Pils',757,13),
	(1633,'Pils',758,13),
	(1634,'Weizen',761,13),
	(1635,'Export',762,13),
	(1636,'Weizen',765,13),
	(1637,'Weizen',766,13),
	(1638,'Export',767,13),
	(1639,'Pils',770,13),
	(1640,'Pils',772,13),
	(1641,'Weizen',774,13),
	(1642,'Weizen',777,13),
	(1643,'Export',779,13),
	(1644,'Pils',781,13),
	(1645,'Weizen',784,13),
	(1646,'Pils',786,13),
	(1647,'Export',787,13),
	(1648,'Export',791,13),
	(1649,'Weizen',792,13),
	(1650,'Pils',793,13),
	(1651,'Export',796,13),
	(1652,'Weizen',797,13),
	(1653,'Export',798,13),
	(1654,'Weizen',800,13),
	(1655,'Export',801,13),
	(1656,'Pils',802,13),
	(1657,'Export',803,13),
	(1658,'Pils',806,13),
	(1659,'Pils',807,13),
	(1660,'Pils',808,13),
	(1661,'Pils',813,13),
	(1662,'Export',814,13),
	(1663,'Pils',816,13),
	(1664,'Weizen',817,13),
	(1665,'Export',819,13),
	(1666,'Export',820,13),
	(1667,'Pils',822,13),
	(1668,'Weizen',824,13),
	(1669,'Export',825,13),
	(1670,'Pils',826,13),
	(1671,'Weizen',827,13),
	(1672,'Pils',828,13),
	(1673,'Pils',829,13),
	(1674,'Export',830,13),
	(1675,'Weizen',831,13),
	(1676,'Export',832,13),
	(1677,'Export',833,13),
	(1678,'Pils',834,13),
	(1679,'Export',835,13),
	(1680,'Pils',836,13),
	(1681,'Pils',837,13),
	(1682,'Export',840,13),
	(1683,'Weizen',842,13),
	(1684,'Pils',843,13),
	(1685,'Weizen',844,13),
	(1686,'Pils',846,13),
	(1687,'Pils',849,13),
	(1688,'Export',850,13),
	(1689,'Pils',851,13),
	(1690,'Weizen',853,13),
	(1691,'Export',857,13),
	(1692,'Weizen',858,13),
	(1693,'Export',861,13),
	(1694,'Pils',866,13),
	(1695,'Pils',867,13),
	(1696,'Export',868,13),
	(1697,'Weizen',869,13),
	(1698,'Export',870,13),
	(1699,'Pils',873,13),
	(1700,'Pils',874,13),
	(1701,'Export',875,13),
	(1702,'Weizen',877,13),
	(1703,'Pils',880,13),
	(1704,'Weizen',881,13),
	(1705,'Pils',883,13),
	(1706,'Pils',885,13),
	(1707,'Export',886,13),
	(1708,'Export',887,13),
	(1709,'Weizen',890,13),
	(1710,'Pils',891,13),
	(1711,'Pils',893,13),
	(1712,'Weizen',894,13),
	(1713,'Export',895,13),
	(1714,'Pils',896,13),
	(1715,'Pils',897,13),
	(1716,'Pils',899,13),
	(1717,'Pils',905,13),
	(1718,'Export',906,13),
	(1719,'Export',907,13),
	(1720,'Pils',908,13),
	(1721,'Export',909,13),
	(1722,'Pils',910,13),
	(1723,'Weizen',913,13),
	(1724,'Weizen',914,13),
	(1725,'Pils',915,13),
	(1726,'Pils',916,13),
	(1727,'Export',917,13),
	(1728,'Export',921,13),
	(1729,'Export',926,13),
	(1730,'Export',928,13),
	(1731,'Weizen',929,13),
	(1732,'Export',932,13),
	(1733,'Pils',933,13),
	(1734,'Export',934,13),
	(1735,'Export',937,13),
	(1736,'Export',940,13),
	(1737,'Pils',941,13),
	(1738,'Export',942,13),
	(1739,'Weizen',945,13),
	(1740,'Pils',950,13),
	(1741,'Export',951,13),
	(1742,'Export',953,13),
	(1743,'Weizen',956,13),
	(1744,'Weizen',959,13),
	(1745,'Pils',960,13),
	(1746,'Export',962,13),
	(1747,'Pils',963,13),
	(1748,'Export',964,13),
	(1749,'Pils',965,13),
	(1750,'Export',966,13),
	(1751,'Export',968,13),
	(1752,'Weizen',969,13),
	(1753,'Pils',971,13),
	(1754,'Export',973,13),
	(1755,'Weizen',974,13),
	(1756,'Pils',975,13),
	(1757,'Weizen',977,13),
	(1758,'Pils',978,13),
	(1759,'Pils',980,13),
	(1760,'Pils',981,13),
	(1761,'Export',982,13),
	(1762,'Pils',983,13),
	(1763,'Weizen',984,13),
	(1764,'Weizen',985,13),
	(1765,'Weizen',987,13),
	(1766,'Pils',988,13),
	(1767,'Weizen',990,13),
	(1768,'Weizen',991,13),
	(1769,'Weizen',992,13),
	(1770,'Export',993,13),
	(1771,'Pils',994,13),
	(1772,'Weizen',995,13),
	(1773,'Export',996,13),
	(1774,'Weizen',999,13),
	(1775,'Weizen',1000,13),
	(1776,'Export',1002,13),
	(1777,'Export',1003,13),
	(1778,'Weizen',1004,13),
	(1779,'Export',1006,13),
	(1780,'Weizen',1008,13),
	(1781,'Export',1009,13),
	(1782,'Pils',1011,13),
	(1783,'Weizen',1013,13),
	(1784,'Pils',1014,13),
	(1785,'Weizen',1016,13),
	(1786,'Pils',1017,13),
	(1787,'Pils',1020,13),
	(1788,'Pils',1021,13),
	(1789,'Pils',1022,13),
	(1790,'Pils',1025,13),
	(1791,'Pils',1028,13),
	(1792,'Weizen',1032,13),
	(1793,'Weizen',1033,13),
	(1794,'Weizen',1037,13),
	(1795,'Weizen',1038,13),
	(1796,'Weizen',1039,13),
	(1797,'Pils',1040,13),
	(1798,'Export',1042,13),
	(1799,'Pils',1043,13),
	(1800,'Pils',1045,13),
	(1801,'Weizen',1046,13),
	(1802,'Weizen',1051,13),
	(1803,'Export',1052,13),
	(1804,'Pils',1054,13),
	(1805,'PC',24,14),
	(1806,'Mac',25,14),
	(1807,'PC',43,14),
	(1808,'PC',57,14),
	(1809,'PC',61,14),
	(1810,'PC',68,14),
	(1811,'PC',69,14),
	(1812,'PC',71,14),
	(1813,'Mac',74,14),
	(1814,'PC',75,14),
	(1815,'Mac',76,14),
	(1816,'PC',81,14),
	(1817,'PC',82,14),
	(1818,'PC',86,14),
	(1819,'PC',88,14),
	(1820,'Mac',93,14),
	(1821,'Mac',95,14),
	(1822,'Mac',96,14),
	(1823,'Mac',100,14),
	(1824,'Mac',102,14),
	(1825,'PC',103,14),
	(1826,'PC',105,14),
	(1827,'Mac',107,14),
	(1828,'PC',113,14),
	(1829,'Mac',115,14),
	(1830,'PC',117,14),
	(1831,'PC',118,14),
	(1832,'Mac',120,14),
	(1833,'Mac',121,14),
	(1834,'Mac',125,14),
	(1835,'Mac',126,14),
	(1836,'Mac',134,14),
	(1837,'PC',143,14),
	(1838,'Mac',147,14),
	(1839,'Mac',149,14),
	(1840,'Mac',152,14),
	(1841,'PC',156,14),
	(1842,'Mac',157,14),
	(1843,'PC',161,14),
	(1844,'PC',167,14),
	(1845,'PC',168,14),
	(1846,'PC',169,14),
	(1847,'Mac',171,14),
	(1848,'Mac',172,14),
	(1849,'Mac',175,14),
	(1850,'Mac',176,14),
	(1851,'PC',181,14),
	(1852,'PC',185,14),
	(1853,'Mac',188,14),
	(1854,'PC',189,14),
	(1855,'PC',191,14),
	(1856,'PC',193,14),
	(1857,'PC',196,14),
	(1858,'PC',197,14),
	(1859,'PC',199,14),
	(1860,'Mac',201,14),
	(1861,'PC',203,14),
	(1862,'PC',204,14),
	(1863,'Mac',205,14),
	(1864,'PC',208,14),
	(1865,'PC',211,14),
	(1866,'Mac',212,14),
	(1867,'Mac',216,14),
	(1868,'Mac',218,14),
	(1869,'PC',219,14),
	(1870,'PC',220,14),
	(1871,'Mac',226,14),
	(1872,'Mac',229,14),
	(1873,'PC',231,14),
	(1874,'Mac',232,14),
	(1875,'PC',236,14),
	(1876,'Mac',237,14),
	(1877,'Mac',239,14),
	(1878,'PC',240,14),
	(1879,'Mac',242,14),
	(1880,'PC',243,14),
	(1881,'PC',245,14),
	(1882,'Mac',247,14),
	(1883,'PC',248,14),
	(1884,'PC',250,14),
	(1885,'PC',251,14),
	(1886,'PC',255,14),
	(1887,'Mac',256,14),
	(1888,'PC',259,14),
	(1889,'Mac',262,14),
	(1890,'PC',263,14),
	(1891,'Mac',266,14),
	(1892,'Mac',270,14),
	(1893,'PC',271,14),
	(1894,'PC',273,14),
	(1895,'PC',277,14),
	(1896,'PC',278,14),
	(1897,'PC',279,14),
	(1898,'Mac',281,14),
	(1899,'PC',282,14),
	(1900,'PC',283,14),
	(1901,'PC',285,14),
	(1902,'PC',286,14),
	(1903,'PC',290,14),
	(1904,'PC',291,14),
	(1905,'Mac',296,14),
	(1906,'Mac',298,14),
	(1907,'Mac',302,14),
	(1908,'PC',304,14),
	(1909,'PC',309,14),
	(1910,'Mac',310,14),
	(1911,'PC',320,14),
	(1912,'PC',322,14),
	(1913,'Mac',325,14),
	(1914,'PC',327,14),
	(1915,'Mac',328,14),
	(1916,'PC',329,14),
	(1917,'PC',330,14),
	(1918,'PC',331,14),
	(1919,'PC',332,14),
	(1920,'PC',336,14),
	(1921,'Mac',338,14),
	(1922,'Mac',340,14),
	(1923,'PC',346,14),
	(1924,'PC',348,14),
	(1925,'PC',349,14),
	(1926,'PC',353,14),
	(1927,'PC',354,14),
	(1928,'Mac',355,14),
	(1929,'PC',360,14),
	(1930,'Mac',365,14),
	(1931,'PC',366,14),
	(1932,'Mac',371,14),
	(1933,'Mac',376,14),
	(1934,'PC',377,14),
	(1935,'Mac',378,14),
	(1936,'Mac',379,14),
	(1937,'PC',382,14),
	(1938,'PC',383,14),
	(1939,'Mac',384,14),
	(1940,'PC',385,14),
	(1941,'Mac',387,14),
	(1942,'PC',391,14),
	(1943,'Mac',398,14),
	(1944,'Mac',400,14),
	(1945,'PC',402,14),
	(1946,'PC',403,14),
	(1947,'PC',404,14),
	(1948,'Mac',406,14),
	(1949,'PC',408,14),
	(1950,'Mac',409,14),
	(1951,'Mac',412,14),
	(1952,'PC',414,14),
	(1953,'Mac',416,14),
	(1954,'PC',417,14),
	(1955,'PC',420,14),
	(1956,'PC',421,14),
	(1957,'Mac',424,14),
	(1958,'Mac',425,14),
	(1959,'Mac',428,14),
	(1960,'PC',431,14),
	(1961,'Mac',432,14),
	(1962,'PC',434,14),
	(1963,'PC',435,14),
	(1964,'PC',437,14),
	(1965,'Mac',439,14),
	(1966,'PC',440,14),
	(1967,'PC',444,14),
	(1968,'PC',452,14),
	(1969,'Mac',456,14),
	(1970,'Mac',457,14),
	(1971,'Mac',459,14),
	(1972,'Mac',460,14),
	(1973,'PC',462,14),
	(1974,'PC',465,14),
	(1975,'PC',466,14),
	(1976,'Mac',468,14),
	(1977,'Mac',469,14),
	(1978,'PC',470,14),
	(1979,'Mac',471,14),
	(1980,'PC',472,14),
	(1981,'Mac',473,14),
	(1982,'PC',475,14),
	(1983,'PC',476,14),
	(1984,'Mac',478,14),
	(1985,'PC',482,14),
	(1986,'PC',483,14),
	(1987,'Mac',484,14),
	(1988,'PC',486,14),
	(1989,'PC',491,14),
	(1990,'PC',493,14),
	(1991,'PC',494,14),
	(1992,'PC',496,14),
	(1993,'Mac',497,14),
	(1994,'PC',499,14),
	(1995,'PC',502,14),
	(1996,'Mac',503,14),
	(1997,'Mac',507,14),
	(1998,'PC',508,14),
	(1999,'Mac',509,14),
	(2000,'PC',510,14),
	(2001,'Mac',511,14),
	(2002,'PC',513,14),
	(2003,'Mac',515,14),
	(2004,'PC',516,14),
	(2005,'PC',520,14),
	(2006,'PC',523,14),
	(2007,'Mac',531,14),
	(2008,'PC',536,14),
	(2009,'PC',537,14),
	(2010,'Mac',539,14),
	(2011,'Mac',541,14),
	(2012,'PC',542,14),
	(2013,'Mac',547,14),
	(2014,'PC',556,14),
	(2015,'PC',558,14),
	(2016,'Mac',560,14),
	(2017,'Mac',561,14),
	(2018,'Mac',562,14),
	(2019,'Mac',563,14),
	(2020,'Mac',564,14),
	(2021,'PC',568,14),
	(2022,'Mac',570,14),
	(2023,'Mac',571,14),
	(2024,'Mac',582,14),
	(2025,'Mac',583,14),
	(2026,'Mac',585,14),
	(2027,'Mac',586,14),
	(2028,'PC',589,14),
	(2029,'Mac',591,14),
	(2030,'Mac',593,14),
	(2031,'Mac',596,14),
	(2032,'PC',598,14),
	(2033,'Mac',599,14),
	(2034,'Mac',604,14),
	(2035,'Mac',609,14),
	(2036,'Mac',620,14),
	(2037,'Mac',625,14),
	(2038,'Mac',626,14),
	(2039,'Mac',627,14),
	(2040,'PC',629,14),
	(2041,'Mac',632,14),
	(2042,'PC',637,14),
	(2043,'PC',642,14),
	(2044,'Mac',644,14),
	(2045,'PC',648,14),
	(2046,'Mac',650,14),
	(2047,'Mac',653,14),
	(2048,'PC',655,14),
	(2049,'Mac',657,14),
	(2050,'PC',659,14),
	(2051,'Mac',660,14),
	(2052,'PC',665,14),
	(2053,'Mac',667,14),
	(2054,'PC',670,14),
	(2055,'PC',677,14),
	(2056,'PC',680,14),
	(2057,'Mac',683,14),
	(2058,'PC',684,14),
	(2059,'Mac',690,14),
	(2060,'PC',693,14),
	(2061,'Mac',698,14),
	(2062,'PC',700,14),
	(2063,'Mac',701,14),
	(2064,'Mac',702,14),
	(2065,'PC',703,14),
	(2066,'Mac',705,14),
	(2067,'Mac',706,14),
	(2068,'PC',707,14),
	(2069,'Mac',708,14),
	(2070,'PC',713,14),
	(2071,'Mac',714,14),
	(2072,'Mac',718,14),
	(2073,'PC',721,14),
	(2074,'Mac',722,14),
	(2075,'PC',726,14),
	(2076,'Mac',728,14),
	(2077,'PC',731,14),
	(2078,'PC',732,14),
	(2079,'PC',733,14),
	(2080,'PC',735,14),
	(2081,'Mac',737,14),
	(2082,'PC',742,14),
	(2083,'PC',744,14),
	(2084,'Mac',745,14),
	(2085,'PC',747,14),
	(2086,'Mac',760,14),
	(2087,'Mac',762,14),
	(2088,'Mac',765,14),
	(2089,'PC',769,14),
	(2090,'PC',772,14),
	(2091,'PC',773,14),
	(2092,'Mac',774,14),
	(2093,'PC',775,14),
	(2094,'PC',776,14),
	(2095,'PC',777,14),
	(2096,'Mac',778,14),
	(2097,'PC',785,14),
	(2098,'Mac',787,14),
	(2099,'Mac',788,14),
	(2100,'Mac',789,14),
	(2101,'PC',790,14),
	(2102,'Mac',793,14),
	(2103,'PC',795,14),
	(2104,'PC',796,14),
	(2105,'Mac',804,14),
	(2106,'Mac',809,14),
	(2107,'Mac',813,14),
	(2108,'Mac',814,14),
	(2109,'Mac',815,14),
	(2110,'Mac',817,14),
	(2111,'Mac',819,14),
	(2112,'PC',820,14),
	(2113,'PC',825,14),
	(2114,'PC',828,14),
	(2115,'PC',829,14),
	(2116,'Mac',831,14),
	(2117,'Mac',833,14),
	(2118,'Mac',835,14),
	(2119,'PC',836,14),
	(2120,'PC',839,14),
	(2121,'Mac',840,14),
	(2122,'Mac',843,14),
	(2123,'PC',844,14),
	(2124,'PC',845,14),
	(2125,'Mac',846,14),
	(2126,'Mac',848,14),
	(2127,'PC',849,14),
	(2128,'PC',850,14),
	(2129,'PC',854,14),
	(2130,'Mac',856,14),
	(2131,'Mac',858,14),
	(2132,'PC',860,14),
	(2133,'Mac',861,14),
	(2134,'PC',864,14),
	(2135,'Mac',865,14),
	(2136,'Mac',867,14),
	(2137,'PC',868,14),
	(2138,'Mac',870,14),
	(2139,'Mac',873,14),
	(2140,'Mac',876,14),
	(2141,'Mac',880,14),
	(2142,'PC',883,14),
	(2143,'PC',885,14),
	(2144,'PC',886,14),
	(2145,'PC',887,14),
	(2146,'PC',889,14),
	(2147,'Mac',890,14),
	(2148,'Mac',895,14),
	(2149,'PC',897,14),
	(2150,'PC',899,14),
	(2151,'PC',902,14),
	(2152,'Mac',903,14),
	(2153,'Mac',904,14),
	(2154,'PC',914,14),
	(2155,'Mac',915,14),
	(2156,'Mac',922,14),
	(2157,'PC',923,14),
	(2158,'PC',927,14),
	(2159,'PC',932,14),
	(2160,'Mac',936,14),
	(2161,'PC',940,14),
	(2162,'PC',941,14),
	(2163,'PC',942,14),
	(2164,'Mac',943,14),
	(2165,'Mac',944,14),
	(2166,'Mac',945,14),
	(2167,'PC',947,14),
	(2168,'PC',949,14),
	(2169,'PC',956,14),
	(2170,'PC',957,14),
	(2171,'PC',960,14),
	(2172,'PC',961,14),
	(2173,'PC',963,14),
	(2174,'PC',965,14),
	(2175,'PC',966,14),
	(2176,'Mac',967,14),
	(2177,'Mac',972,14),
	(2178,'PC',974,14),
	(2179,'PC',977,14),
	(2180,'PC',979,14),
	(2181,'PC',983,14),
	(2182,'Mac',987,14),
	(2183,'PC',990,14),
	(2184,'Mac',991,14),
	(2185,'PC',992,14),
	(2186,'PC',993,14),
	(2187,'PC',1000,14),
	(2188,'PC',1001,14),
	(2189,'PC',1006,14),
	(2190,'PC',1007,14),
	(2191,'Mac',1008,14),
	(2192,'Mac',1011,14),
	(2193,'Mac',1015,14),
	(2194,'PC',1018,14),
	(2195,'Mac',1023,14),
	(2196,'Mac',1025,14),
	(2197,'PC',1027,14),
	(2198,'Mac',1030,14),
	(2199,'PC',1031,14),
	(2200,'Mac',1035,14),
	(2201,'Mac',1036,14),
	(2202,'PC',1039,14),
	(2203,'Mac',1041,14),
	(2204,'PC',1044,14),
	(2205,'PC',1049,14),
	(2206,'Mac',1051,14),
	(2207,'Mac',1052,14),
	(2208,'PC',1055,14),
	(2209,'Nein',25,26),
	(2210,'Ja',43,26),
	(2211,'Nein',58,26),
	(2212,'Ja',60,26),
	(2213,'Nein',66,26),
	(2214,'Ja',67,26),
	(2215,'Ja',70,26),
	(2216,'Nein',71,26),
	(2217,'Ja',74,26),
	(2218,'Ja',77,26),
	(2219,'Nein',81,26),
	(2220,'Nein',82,26),
	(2221,'Nein',85,26),
	(2222,'Nein',86,26),
	(2223,'Ja',87,26),
	(2224,'Ja',88,26),
	(2225,'Nein',89,26),
	(2226,'Nein',90,26),
	(2227,'Ja',94,26),
	(2228,'Ja',96,26),
	(2229,'Nein',105,26),
	(2230,'Ja',108,26),
	(2231,'Ja',109,26),
	(2232,'Ja',110,26),
	(2233,'Ja',111,26),
	(2234,'Nein',112,26),
	(2235,'Nein',114,26),
	(2236,'Nein',115,26),
	(2237,'Nein',117,26),
	(2238,'Nein',119,26),
	(2239,'Nein',120,26),
	(2240,'Nein',125,26),
	(2241,'Nein',127,26),
	(2242,'Ja',128,26),
	(2243,'Nein',130,26),
	(2244,'Ja',131,26),
	(2245,'Nein',132,26),
	(2246,'Ja',134,26),
	(2247,'Ja',137,26),
	(2248,'Nein',143,26),
	(2249,'Ja',144,26),
	(2250,'Ja',145,26),
	(2251,'Ja',147,26),
	(2252,'Ja',149,26),
	(2253,'Nein',150,26),
	(2254,'Nein',151,26),
	(2255,'Ja',153,26),
	(2256,'Nein',155,26),
	(2257,'Nein',158,26),
	(2258,'Nein',161,26),
	(2259,'Ja',163,26),
	(2260,'Ja',164,26),
	(2261,'Nein',166,26),
	(2262,'Ja',168,26),
	(2263,'Nein',169,26),
	(2264,'Ja',171,26),
	(2265,'Nein',172,26),
	(2266,'Ja',175,26),
	(2267,'Ja',180,26),
	(2268,'Ja',181,26),
	(2269,'Nein',182,26),
	(2270,'Ja',190,26),
	(2271,'Nein',193,26),
	(2272,'Nein',195,26),
	(2273,'Ja',203,26),
	(2274,'Nein',204,26),
	(2275,'Nein',205,26),
	(2276,'Ja',206,26),
	(2277,'Ja',207,26),
	(2278,'Nein',208,26),
	(2279,'Nein',210,26),
	(2280,'Ja',213,26),
	(2281,'Ja',214,26),
	(2282,'Ja',216,26),
	(2283,'Ja',217,26),
	(2284,'Ja',220,26),
	(2285,'Ja',222,26),
	(2286,'Ja',225,26),
	(2287,'Ja',227,26),
	(2288,'Ja',229,26),
	(2289,'Ja',231,26),
	(2290,'Nein',232,26),
	(2291,'Ja',234,26),
	(2292,'Nein',236,26),
	(2293,'Ja',237,26),
	(2294,'Ja',238,26),
	(2295,'Nein',239,26),
	(2296,'Nein',240,26),
	(2297,'Nein',242,26),
	(2298,'Ja',247,26),
	(2299,'Nein',250,26),
	(2300,'Nein',251,26),
	(2301,'Ja',254,26),
	(2302,'Nein',256,26),
	(2303,'Nein',258,26),
	(2304,'Ja',259,26),
	(2305,'Ja',266,26),
	(2306,'Nein',267,26),
	(2307,'Nein',268,26),
	(2308,'Ja',277,26),
	(2309,'Nein',280,26),
	(2310,'Nein',285,26),
	(2311,'Nein',289,26),
	(2312,'Nein',293,26),
	(2313,'Ja',301,26),
	(2314,'Ja',304,26),
	(2315,'Nein',306,26),
	(2316,'Ja',308,26),
	(2317,'Nein',310,26),
	(2318,'Ja',311,26),
	(2319,'Nein',312,26),
	(2320,'Ja',316,26),
	(2321,'Nein',318,26),
	(2322,'Ja',319,26),
	(2323,'Nein',321,26),
	(2324,'Nein',328,26),
	(2325,'Nein',330,26),
	(2326,'Nein',332,26),
	(2327,'Nein',333,26),
	(2328,'Nein',335,26),
	(2329,'Nein',340,26),
	(2330,'Nein',341,26),
	(2331,'Nein',342,26),
	(2332,'Nein',343,26),
	(2333,'Ja',345,26),
	(2334,'Nein',347,26),
	(2335,'Nein',348,26),
	(2336,'Ja',351,26),
	(2337,'Ja',353,26),
	(2338,'Ja',354,26),
	(2339,'Ja',358,26),
	(2340,'Nein',361,26),
	(2341,'Nein',363,26),
	(2342,'Nein',364,26),
	(2343,'Nein',366,26),
	(2344,'Nein',368,26),
	(2345,'Nein',370,26),
	(2346,'Ja',371,26),
	(2347,'Ja',375,26),
	(2348,'Ja',377,26),
	(2349,'Ja',378,26),
	(2350,'Nein',379,26),
	(2351,'Nein',381,26),
	(2352,'Nein',382,26),
	(2353,'Ja',390,26),
	(2354,'Nein',397,26),
	(2355,'Ja',399,26),
	(2356,'Ja',406,26),
	(2357,'Nein',407,26),
	(2358,'Nein',409,26),
	(2359,'Nein',410,26),
	(2360,'Nein',412,26),
	(2361,'Nein',415,26),
	(2362,'Nein',419,26),
	(2363,'Nein',421,26),
	(2364,'Nein',422,26),
	(2365,'Ja',424,26),
	(2366,'Nein',427,26),
	(2367,'Nein',428,26),
	(2368,'Nein',430,26),
	(2369,'Nein',431,26),
	(2370,'Nein',436,26),
	(2371,'Nein',438,26),
	(2372,'Nein',440,26),
	(2373,'Ja',446,26),
	(2374,'Nein',448,26),
	(2375,'Ja',454,26),
	(2376,'Nein',455,26),
	(2377,'Ja',456,26),
	(2378,'Ja',457,26),
	(2379,'Ja',459,26),
	(2380,'Ja',460,26),
	(2381,'Ja',464,26),
	(2382,'Nein',466,26),
	(2383,'Ja',467,26),
	(2384,'Nein',469,26),
	(2385,'Nein',470,26),
	(2386,'Ja',471,26),
	(2387,'Nein',475,26),
	(2388,'Nein',479,26),
	(2389,'Nein',483,26),
	(2390,'Ja',484,26),
	(2391,'Nein',496,26),
	(2392,'Nein',500,26),
	(2393,'Ja',502,26),
	(2394,'Ja',503,26),
	(2395,'Ja',504,26),
	(2396,'Nein',505,26),
	(2397,'Nein',512,26),
	(2398,'Nein',513,26),
	(2399,'Nein',515,26),
	(2400,'Nein',516,26),
	(2401,'Nein',517,26),
	(2402,'Ja',521,26),
	(2403,'Nein',522,26),
	(2404,'Nein',524,26),
	(2405,'Nein',526,26),
	(2406,'Nein',528,26),
	(2407,'Ja',529,26),
	(2408,'Ja',530,26),
	(2409,'Nein',532,26),
	(2410,'Nein',533,26),
	(2411,'Nein',538,26),
	(2412,'Ja',539,26),
	(2413,'Nein',541,26),
	(2414,'Ja',544,26),
	(2415,'Nein',545,26),
	(2416,'Nein',547,26),
	(2417,'Nein',548,26),
	(2418,'Nein',551,26),
	(2419,'Nein',552,26),
	(2420,'Nein',553,26),
	(2421,'Nein',555,26),
	(2422,'Nein',559,26),
	(2423,'Ja',560,26),
	(2424,'Ja',565,26),
	(2425,'Ja',566,26),
	(2426,'Nein',569,26),
	(2427,'Ja',571,26),
	(2428,'Ja',573,26),
	(2429,'Ja',574,26),
	(2430,'Nein',576,26),
	(2431,'Ja',579,26),
	(2432,'Nein',585,26),
	(2433,'Ja',589,26),
	(2434,'Ja',592,26),
	(2435,'Nein',593,26),
	(2436,'Nein',601,26),
	(2437,'Ja',602,26),
	(2438,'Nein',606,26),
	(2439,'Nein',611,26),
	(2440,'Ja',612,26),
	(2441,'Ja',613,26),
	(2442,'Ja',615,26),
	(2443,'Ja',623,26),
	(2444,'Nein',624,26),
	(2445,'Ja',625,26),
	(2446,'Nein',628,26),
	(2447,'Ja',629,26),
	(2448,'Nein',630,26),
	(2449,'Nein',632,26),
	(2450,'Ja',635,26),
	(2451,'Ja',636,26),
	(2452,'Nein',639,26),
	(2453,'Nein',643,26),
	(2454,'Nein',646,26),
	(2455,'Nein',647,26),
	(2456,'Nein',648,26),
	(2457,'Ja',649,26),
	(2458,'Nein',653,26),
	(2459,'Ja',654,26),
	(2460,'Ja',655,26),
	(2461,'Ja',658,26),
	(2462,'Nein',661,26),
	(2463,'Nein',662,26),
	(2464,'Ja',668,26),
	(2465,'Ja',670,26),
	(2466,'Nein',671,26),
	(2467,'Ja',673,26),
	(2468,'Ja',676,26),
	(2469,'Ja',682,26),
	(2470,'Nein',696,26),
	(2471,'Ja',698,26),
	(2472,'Nein',699,26),
	(2473,'Ja',700,26),
	(2474,'Nein',702,26),
	(2475,'Ja',710,26),
	(2476,'Ja',711,26),
	(2477,'Nein',716,26),
	(2478,'Nein',717,26),
	(2479,'Nein',720,26),
	(2480,'Ja',723,26),
	(2481,'Ja',724,26),
	(2482,'Ja',727,26),
	(2483,'Nein',731,26),
	(2484,'Nein',735,26),
	(2485,'Ja',739,26),
	(2486,'Nein',740,26),
	(2487,'Ja',742,26),
	(2488,'Ja',743,26),
	(2489,'Ja',744,26),
	(2490,'Ja',749,26),
	(2491,'Nein',751,26),
	(2492,'Ja',752,26),
	(2493,'Nein',754,26),
	(2494,'Ja',755,26),
	(2495,'Ja',757,26),
	(2496,'Nein',760,26),
	(2497,'Ja',761,26),
	(2498,'Nein',762,26),
	(2499,'Nein',765,26),
	(2500,'Nein',766,26),
	(2501,'Nein',768,26),
	(2502,'Ja',769,26),
	(2503,'Nein',770,26),
	(2504,'Nein',771,26),
	(2505,'Ja',774,26),
	(2506,'Ja',775,26),
	(2507,'Nein',778,26),
	(2508,'Ja',780,26),
	(2509,'Nein',781,26),
	(2510,'Ja',782,26),
	(2511,'Nein',784,26),
	(2512,'Ja',786,26),
	(2513,'Nein',788,26),
	(2514,'Nein',792,26),
	(2515,'Nein',793,26),
	(2516,'Nein',794,26),
	(2517,'Nein',795,26),
	(2518,'Ja',804,26),
	(2519,'Ja',805,26),
	(2520,'Ja',817,26),
	(2521,'Nein',819,26),
	(2522,'Nein',827,26),
	(2523,'Nein',830,26),
	(2524,'Ja',844,26),
	(2525,'Nein',850,26),
	(2526,'Nein',853,26),
	(2527,'Ja',856,26),
	(2528,'Ja',857,26),
	(2529,'Nein',859,26),
	(2530,'Nein',860,26),
	(2531,'Nein',864,26),
	(2532,'Nein',869,26),
	(2533,'Ja',871,26),
	(2534,'Nein',872,26),
	(2535,'Nein',874,26),
	(2536,'Nein',879,26),
	(2537,'Nein',880,26),
	(2538,'Nein',881,26),
	(2539,'Nein',893,26),
	(2540,'Nein',896,26),
	(2541,'Nein',897,26),
	(2542,'Nein',901,26),
	(2543,'Nein',902,26),
	(2544,'Ja',905,26),
	(2545,'Ja',908,26),
	(2546,'Nein',909,26),
	(2547,'Ja',910,26),
	(2548,'Ja',912,26),
	(2549,'Ja',913,26),
	(2550,'Ja',918,26),
	(2551,'Nein',920,26),
	(2552,'Ja',925,26),
	(2553,'Ja',930,26),
	(2554,'Ja',933,26),
	(2555,'Nein',935,26),
	(2556,'Ja',936,26),
	(2557,'Nein',943,26),
	(2558,'Ja',944,26),
	(2559,'Nein',945,26),
	(2560,'Ja',946,26),
	(2561,'Ja',947,26),
	(2562,'Ja',948,26),
	(2563,'Ja',954,26),
	(2564,'Nein',957,26),
	(2565,'Ja',959,26),
	(2566,'Ja',963,26),
	(2567,'Nein',964,26),
	(2568,'Ja',966,26),
	(2569,'Nein',969,26),
	(2570,'Ja',970,26),
	(2571,'Ja',975,26),
	(2572,'Ja',976,26),
	(2573,'Ja',978,26),
	(2574,'Nein',979,26),
	(2575,'Nein',980,26),
	(2576,'Ja',981,26),
	(2577,'Nein',982,26),
	(2578,'Ja',984,26),
	(2579,'Ja',985,26),
	(2580,'Nein',986,26),
	(2581,'Nein',991,26),
	(2582,'Ja',992,26),
	(2583,'Nein',995,26),
	(2584,'Nein',998,26),
	(2585,'Nein',1001,26),
	(2586,'Nein',1003,26),
	(2587,'Nein',1007,26),
	(2588,'Ja',1012,26),
	(2589,'Ja',1014,26),
	(2590,'Ja',1015,26),
	(2591,'Ja',1016,26),
	(2592,'Ja',1018,26),
	(2593,'Ja',1021,26),
	(2594,'Ja',1022,26),
	(2595,'Nein',1025,26),
	(2596,'Ja',1026,26),
	(2597,'Ja',1027,26),
	(2598,'Ja',1028,26),
	(2599,'Ja',1029,26),
	(2600,'Ja',1030,26),
	(2601,'Nein',1031,26),
	(2602,'Nein',1036,26),
	(2603,'Ja',1040,26),
	(2604,'Nein',1043,26),
	(2605,'Nein',1044,26),
	(2606,'Ja',1048,26),
	(2607,'Nein',1054,26),
	(2608,'Ja',1056,26),
	(2609,'Salat',56,1),
	(2610,'Pizza',59,1),
	(2611,'Pizza',61,1),
	(2612,'Pizza',65,1),
	(2613,'Pizza',67,1),
	(2614,'Pizza',68,1),
	(2615,'Pizza',74,1),
	(2616,'Salat',76,1),
	(2617,'Döner',77,1),
	(2618,'Döner',81,1),
	(2619,'Salat',82,1),
	(2620,'Pizza',85,1),
	(2621,'Pizza',88,1),
	(2622,'Döner',89,1),
	(2623,'Döner',96,1),
	(2624,'Salat',98,1),
	(2625,'Pizza',100,1),
	(2626,'Salat',109,1),
	(2627,'Salat',111,1),
	(2628,'Döner',114,1),
	(2629,'Döner',119,1),
	(2630,'Salat',125,1),
	(2631,'Döner',129,1),
	(2632,'Salat',133,1),
	(2633,'Pizza',136,1),
	(2634,'Pizza',138,1),
	(2635,'Döner',139,1),
	(2636,'Döner',141,1),
	(2637,'Pizza',143,1),
	(2638,'Salat',157,1),
	(2639,'Salat',159,1),
	(2640,'Salat',162,1),
	(2641,'Salat',164,1),
	(2642,'Salat',170,1),
	(2643,'Döner',179,1),
	(2644,'Döner',186,1),
	(2645,'Pizza',188,1),
	(2646,'Döner',190,1),
	(2647,'Pizza',194,1),
	(2648,'Döner',201,1),
	(2649,'Pizza',202,1),
	(2650,'Salat',210,1),
	(2651,'Pizza',222,1),
	(2652,'Döner',223,1),
	(2653,'Döner',224,1),
	(2654,'Döner',234,1),
	(2655,'Döner',235,1),
	(2656,'Pizza',236,1),
	(2657,'Pizza',238,1),
	(2658,'Salat',239,1),
	(2659,'Döner',242,1),
	(2660,'Salat',246,1),
	(2661,'Pizza',249,1),
	(2662,'Salat',251,1),
	(2663,'Döner',260,1),
	(2664,'Salat',262,1),
	(2665,'Pizza',265,1),
	(2666,'Pizza',267,1),
	(2667,'Pizza',270,1),
	(2668,'Salat',271,1),
	(2669,'Döner',277,1),
	(2670,'Salat',285,1),
	(2671,'Salat',286,1),
	(2672,'Salat',290,1),
	(2673,'Pizza',291,1),
	(2674,'Salat',304,1),
	(2675,'Salat',306,1),
	(2676,'Salat',315,1),
	(2677,'Pizza',316,1),
	(2678,'Döner',327,1),
	(2679,'Pizza',328,1),
	(2680,'Salat',334,1),
	(2681,'Döner',341,1),
	(2682,'Döner',349,1),
	(2683,'Döner',351,1),
	(2684,'Salat',353,1),
	(2685,'Döner',359,1),
	(2686,'Salat',366,1),
	(2687,'Döner',371,1),
	(2688,'Döner',374,1),
	(2689,'Salat',387,1),
	(2690,'Döner',408,1),
	(2691,'Salat',412,1),
	(2692,'Salat',413,1),
	(2693,'Döner',414,1),
	(2694,'Salat',418,1),
	(2695,'Salat',420,1),
	(2696,'Döner',425,1),
	(2697,'Pizza',428,1),
	(2698,'Döner',435,1),
	(2699,'Döner',436,1),
	(2700,'Döner',438,1),
	(2701,'Pizza',447,1),
	(2702,'Döner',451,1),
	(2703,'Döner',453,1),
	(2704,'Döner',454,1),
	(2705,'Salat',457,1),
	(2706,'Salat',470,1),
	(2707,'Salat',472,1),
	(2708,'Döner',473,1),
	(2709,'Pizza',474,1),
	(2710,'Döner',475,1),
	(2711,'Pizza',476,1),
	(2712,'Salat',483,1),
	(2713,'Salat',487,1),
	(2714,'Salat',489,1),
	(2715,'Salat',491,1),
	(2716,'Pizza',495,1),
	(2717,'Pizza',497,1),
	(2718,'Salat',498,1),
	(2719,'Döner',500,1),
	(2720,'Pizza',507,1),
	(2721,'Döner',520,1),
	(2722,'Döner',533,1),
	(2723,'Pizza',534,1),
	(2724,'Döner',537,1),
	(2725,'Döner',539,1),
	(2726,'Döner',543,1),
	(2727,'Pizza',545,1),
	(2728,'Salat',552,1),
	(2729,'Döner',558,1),
	(2730,'Salat',564,1),
	(2731,'Döner',566,1),
	(2732,'Pizza',567,1),
	(2733,'Salat',568,1),
	(2734,'Döner',569,1),
	(2735,'Döner',571,1),
	(2736,'Döner',572,1),
	(2737,'Döner',574,1),
	(2738,'Döner',582,1),
	(2739,'Döner',583,1),
	(2740,'Döner',584,1),
	(2741,'Pizza',593,1),
	(2742,'Pizza',601,1),
	(2743,'Salat',603,1),
	(2744,'Döner',620,1),
	(2745,'Pizza',621,1),
	(2746,'Salat',632,1),
	(2747,'Döner',634,1),
	(2748,'Pizza',635,1),
	(2749,'Döner',636,1),
	(2750,'Döner',637,1),
	(2751,'Döner',640,1),
	(2752,'Pizza',649,1),
	(2753,'Salat',650,1),
	(2754,'Pizza',651,1),
	(2755,'Pizza',652,1),
	(2756,'Salat',657,1),
	(2757,'Salat',659,1),
	(2758,'Salat',660,1),
	(2759,'Salat',662,1),
	(2760,'Pizza',667,1),
	(2761,'Döner',669,1),
	(2762,'Salat',675,1),
	(2763,'Pizza',677,1),
	(2764,'Döner',681,1),
	(2765,'Döner',685,1),
	(2766,'Salat',689,1),
	(2767,'Pizza',695,1),
	(2768,'Döner',701,1),
	(2769,'Salat',706,1),
	(2770,'Pizza',709,1),
	(2771,'Pizza',712,1),
	(2772,'Döner',713,1),
	(2773,'Salat',714,1),
	(2774,'Salat',716,1),
	(2775,'Salat',737,1),
	(2776,'Salat',738,1),
	(2777,'Döner',742,1),
	(2778,'Pizza',744,1),
	(2779,'Döner',751,1),
	(2780,'Döner',754,1),
	(2781,'Döner',760,1),
	(2782,'Salat',768,1),
	(2783,'Pizza',773,1),
	(2784,'Pizza',782,1),
	(2785,'Döner',784,1),
	(2786,'Döner',787,1),
	(2787,'Pizza',792,1),
	(2788,'Salat',794,1),
	(2789,'Döner',798,1),
	(2790,'Pizza',803,1),
	(2791,'Salat',804,1),
	(2792,'Salat',805,1),
	(2793,'Pizza',810,1),
	(2794,'Pizza',812,1),
	(2795,'Pizza',818,1),
	(2796,'Salat',819,1),
	(2797,'Pizza',822,1),
	(2798,'Pizza',823,1),
	(2799,'Salat',826,1),
	(2800,'Döner',831,1),
	(2801,'Salat',832,1),
	(2802,'Pizza',833,1),
	(2803,'Salat',834,1),
	(2804,'Döner',846,1),
	(2805,'Döner',847,1),
	(2806,'Döner',851,1),
	(2807,'Döner',853,1),
	(2808,'Pizza',859,1),
	(2809,'Pizza',861,1),
	(2810,'Pizza',862,1),
	(2811,'Salat',869,1),
	(2812,'Pizza',870,1),
	(2813,'Döner',876,1),
	(2814,'Döner',877,1),
	(2815,'Salat',884,1),
	(2816,'Pizza',893,1),
	(2817,'Salat',896,1),
	(2818,'Döner',898,1),
	(2819,'Salat',899,1),
	(2820,'Salat',901,1),
	(2821,'Pizza',903,1),
	(2822,'Salat',910,1),
	(2823,'Salat',913,1),
	(2824,'Salat',914,1),
	(2825,'Salat',920,1),
	(2826,'Döner',928,1),
	(2827,'Pizza',935,1),
	(2828,'Salat',947,1),
	(2829,'Pizza',948,1),
	(2830,'Salat',950,1),
	(2831,'Salat',952,1),
	(2832,'Pizza',957,1),
	(2833,'Döner',959,1),
	(2834,'Salat',963,1),
	(2835,'Salat',969,1),
	(2836,'Döner',970,1),
	(2837,'Salat',971,1),
	(2838,'Pizza',975,1),
	(2839,'Pizza',985,1),
	(2840,'Döner',986,1),
	(2841,'Salat',1000,1),
	(2842,'Salat',1002,1),
	(2843,'Döner',1008,1),
	(2844,'Döner',1011,1),
	(2845,'Pizza',1013,1),
	(2846,'Pizza',1014,1),
	(2847,'Döner',1016,1),
	(2848,'Döner',1017,1),
	(2849,'Döner',1019,1),
	(2850,'Döner',1028,1),
	(2851,'Pizza',1032,1),
	(2852,'Döner',1033,1),
	(2853,'Döner',1038,1),
	(2854,'Döner',1046,1),
	(2855,'Döner',1049,1),
	(2856,'Salat',1053,1),
	(2857,'Fussball',34,3),
	(2858,'Handball',36,3),
	(2859,'Handball',58,3),
	(2860,'Basketball',62,3),
	(2861,'Basketball',64,3),
	(2862,'Fussball',67,3),
	(2863,'Fussball',72,3),
	(2864,'Handball',75,3),
	(2865,'Basketball',82,3),
	(2866,'Handball',83,3),
	(2867,'Handball',85,3),
	(2868,'Handball',86,3),
	(2869,'Fussball',88,3),
	(2870,'Basketball',94,3),
	(2871,'Fussball',98,3),
	(2872,'Handball',100,3),
	(2873,'Basketball',109,3),
	(2874,'Fussball',112,3),
	(2875,'Handball',122,3),
	(2876,'Fussball',131,3),
	(2877,'Handball',136,3),
	(2878,'Basketball',137,3),
	(2879,'Basketball',139,3),
	(2880,'Fussball',141,3),
	(2881,'Handball',144,3),
	(2882,'Fussball',146,3),
	(2883,'Basketball',148,3),
	(2884,'Fussball',149,3),
	(2885,'Basketball',151,3),
	(2886,'Fussball',153,3),
	(2887,'Basketball',155,3),
	(2888,'Fussball',161,3),
	(2889,'Fussball',163,3),
	(2890,'Fussball',168,3),
	(2891,'Basketball',176,3),
	(2892,'Fussball',186,3),
	(2893,'Basketball',187,3),
	(2894,'Fussball',190,3),
	(2895,'Basketball',192,3),
	(2896,'Basketball',194,3),
	(2897,'Handball',200,3),
	(2898,'Handball',202,3),
	(2899,'Fussball',203,3),
	(2900,'Basketball',207,3),
	(2901,'Fussball',208,3),
	(2902,'Fussball',209,3),
	(2903,'Fussball',215,3),
	(2904,'Basketball',219,3),
	(2905,'Handball',220,3),
	(2906,'Handball',231,3),
	(2907,'Handball',233,3),
	(2908,'Handball',234,3),
	(2909,'Handball',238,3),
	(2910,'Handball',243,3),
	(2911,'Handball',245,3),
	(2912,'Fussball',246,3),
	(2913,'Handball',250,3),
	(2914,'Fussball',252,3),
	(2915,'Fussball',254,3),
	(2916,'Fussball',255,3),
	(2917,'Handball',256,3),
	(2918,'Handball',258,3),
	(2919,'Basketball',261,3),
	(2920,'Handball',269,3),
	(2921,'Handball',273,3),
	(2922,'Handball',275,3),
	(2923,'Fussball',276,3),
	(2924,'Handball',279,3),
	(2925,'Handball',280,3),
	(2926,'Fussball',284,3),
	(2927,'Handball',297,3),
	(2928,'Handball',298,3),
	(2929,'Fussball',303,3),
	(2930,'Basketball',304,3),
	(2931,'Handball',312,3),
	(2932,'Basketball',314,3),
	(2933,'Fussball',319,3),
	(2934,'Handball',326,3),
	(2935,'Fussball',338,3),
	(2936,'Basketball',358,3),
	(2937,'Fussball',359,3),
	(2938,'Fussball',368,3),
	(2939,'Handball',369,3),
	(2940,'Basketball',371,3),
	(2941,'Handball',386,3),
	(2942,'Basketball',393,3),
	(2943,'Basketball',395,3),
	(2944,'Handball',397,3),
	(2945,'Basketball',400,3),
	(2946,'Handball',402,3),
	(2947,'Fussball',406,3),
	(2948,'Fussball',411,3),
	(2949,'Fussball',413,3),
	(2950,'Basketball',414,3),
	(2951,'Handball',417,3),
	(2952,'Handball',430,3),
	(2953,'Handball',435,3),
	(2954,'Handball',436,3),
	(2955,'Handball',440,3),
	(2956,'Fussball',449,3),
	(2957,'Fussball',450,3),
	(2958,'Basketball',451,3),
	(2959,'Fussball',455,3),
	(2960,'Basketball',457,3),
	(2961,'Fussball',460,3),
	(2962,'Fussball',462,3),
	(2963,'Basketball',468,3),
	(2964,'Fussball',472,3),
	(2965,'Fussball',477,3),
	(2966,'Handball',486,3),
	(2967,'Handball',495,3),
	(2968,'Handball',497,3),
	(2969,'Fussball',503,3),
	(2970,'Fussball',507,3),
	(2971,'Basketball',510,3),
	(2972,'Basketball',511,3),
	(2973,'Handball',517,3),
	(2974,'Handball',522,3),
	(2975,'Basketball',528,3),
	(2976,'Fussball',531,3),
	(2977,'Basketball',536,3),
	(2978,'Handball',537,3),
	(2979,'Handball',543,3),
	(2980,'Handball',544,3),
	(2981,'Fussball',545,3),
	(2982,'Fussball',546,3),
	(2983,'Handball',547,3),
	(2984,'Handball',550,3),
	(2985,'Basketball',554,3),
	(2986,'Handball',559,3),
	(2987,'Handball',570,3),
	(2988,'Fussball',575,3),
	(2989,'Handball',584,3),
	(2990,'Basketball',585,3),
	(2991,'Basketball',594,3),
	(2992,'Handball',602,3),
	(2993,'Basketball',603,3),
	(2994,'Fussball',606,3),
	(2995,'Fussball',612,3),
	(2996,'Basketball',617,3),
	(2997,'Handball',621,3),
	(2998,'Basketball',623,3),
	(2999,'Basketball',625,3),
	(3000,'Handball',626,3),
	(3001,'Fussball',629,3),
	(3002,'Handball',630,3),
	(3003,'Fussball',631,3),
	(3004,'Fussball',632,3),
	(3005,'Basketball',638,3),
	(3006,'Basketball',639,3),
	(3007,'Handball',640,3),
	(3008,'Fussball',645,3),
	(3009,'Fussball',651,3),
	(3010,'Handball',654,3),
	(3011,'Basketball',658,3),
	(3012,'Handball',659,3),
	(3013,'Handball',660,3),
	(3014,'Basketball',679,3),
	(3015,'Basketball',684,3),
	(3016,'Handball',688,3),
	(3017,'Handball',690,3),
	(3018,'Basketball',692,3),
	(3019,'Fussball',693,3),
	(3020,'Fussball',698,3),
	(3021,'Handball',699,3),
	(3022,'Basketball',705,3),
	(3023,'Fussball',710,3),
	(3024,'Fussball',720,3),
	(3025,'Handball',726,3),
	(3026,'Basketball',730,3),
	(3027,'Handball',740,3),
	(3028,'Handball',742,3),
	(3029,'Basketball',743,3),
	(3030,'Handball',746,3),
	(3031,'Handball',758,3),
	(3032,'Basketball',760,3),
	(3033,'Handball',773,3),
	(3034,'Basketball',780,3),
	(3035,'Fussball',786,3),
	(3036,'Handball',788,3),
	(3037,'Fussball',790,3),
	(3038,'Handball',794,3),
	(3039,'Handball',796,3),
	(3040,'Fussball',799,3),
	(3041,'Basketball',804,3),
	(3042,'Fussball',822,3),
	(3043,'Handball',823,3),
	(3044,'Fussball',830,3),
	(3045,'Basketball',834,3),
	(3046,'Basketball',841,3),
	(3047,'Basketball',843,3),
	(3048,'Fussball',844,3),
	(3049,'Basketball',854,3),
	(3050,'Fussball',860,3),
	(3051,'Fussball',863,3),
	(3052,'Basketball',871,3),
	(3053,'Basketball',874,3),
	(3054,'Basketball',876,3),
	(3055,'Fussball',880,3),
	(3056,'Fussball',883,3),
	(3057,'Handball',884,3),
	(3058,'Basketball',893,3),
	(3059,'Basketball',895,3),
	(3060,'Fussball',905,3),
	(3061,'Basketball',910,3),
	(3062,'Handball',911,3),
	(3063,'Basketball',914,3),
	(3064,'Fussball',915,3),
	(3065,'Basketball',916,3),
	(3066,'Basketball',924,3),
	(3067,'Fussball',925,3),
	(3068,'Fussball',926,3),
	(3069,'Handball',932,3),
	(3070,'Fussball',933,3),
	(3071,'Basketball',939,3),
	(3072,'Fussball',943,3),
	(3073,'Handball',954,3),
	(3074,'Handball',957,3),
	(3075,'Basketball',959,3),
	(3076,'Fussball',965,3),
	(3077,'Basketball',967,3),
	(3078,'Basketball',968,3),
	(3079,'Handball',970,3),
	(3080,'Basketball',986,3),
	(3081,'Basketball',989,3),
	(3082,'Handball',991,3),
	(3083,'Handball',995,3),
	(3084,'Basketball',996,3),
	(3085,'Basketball',1000,3),
	(3086,'Basketball',1008,3),
	(3087,'Fussball',1016,3),
	(3088,'Handball',1020,3),
	(3089,'Handball',1027,3),
	(3090,'Fussball',1032,3),
	(3091,'Fussball',1033,3),
	(3092,'Handball',1040,3),
	(3093,'Handball',1050,3),
	(3094,'Fussball',1052,3),
	(3095,'Basketball',1053,3),
	(3096,'Pils',28,13),
	(3097,'Export',56,13),
	(3098,'Weizen',58,13),
	(3099,'Export',60,13),
	(3100,'Weizen',63,13),
	(3101,'Weizen',71,13),
	(3102,'Pils',82,13),
	(3103,'Export',91,13),
	(3104,'Weizen',97,13),
	(3105,'Export',102,13),
	(3106,'Export',106,13),
	(3107,'Export',109,13),
	(3108,'Export',110,13),
	(3109,'Pils',112,13),
	(3110,'Pils',113,13),
	(3111,'Export',114,13),
	(3112,'Pils',119,13),
	(3113,'Export',124,13),
	(3114,'Pils',126,13),
	(3115,'Export',128,13),
	(3116,'Pils',132,13),
	(3117,'Pils',138,13),
	(3118,'Export',146,13),
	(3119,'Export',155,13),
	(3120,'Pils',156,13),
	(3121,'Pils',165,13),
	(3122,'Weizen',166,13),
	(3123,'Export',170,13),
	(3124,'Pils',174,13),
	(3125,'Pils',175,13),
	(3126,'Weizen',178,13),
	(3127,'Pils',179,13),
	(3128,'Export',184,13),
	(3129,'Export',185,13),
	(3130,'Export',186,13),
	(3131,'Weizen',193,13),
	(3132,'Pils',195,13),
	(3133,'Pils',196,13),
	(3134,'Pils',199,13),
	(3135,'Pils',200,13),
	(3136,'Weizen',201,13),
	(3137,'Weizen',203,13),
	(3138,'Pils',204,13),
	(3139,'Export',209,13),
	(3140,'Export',220,13),
	(3141,'Export',222,13),
	(3142,'Pils',225,13),
	(3143,'Weizen',229,13),
	(3144,'Pils',232,13),
	(3145,'Pils',234,13),
	(3146,'Pils',235,13),
	(3147,'Export',236,13),
	(3148,'Weizen',242,13),
	(3149,'Export',244,13),
	(3150,'Weizen',245,13),
	(3151,'Export',252,13),
	(3152,'Weizen',253,13),
	(3153,'Weizen',254,13),
	(3154,'Pils',259,13),
	(3155,'Weizen',263,13),
	(3156,'Export',269,13),
	(3157,'Pils',270,13),
	(3158,'Weizen',274,13),
	(3159,'Export',287,13),
	(3160,'Weizen',288,13),
	(3161,'Export',290,13),
	(3162,'Export',291,13),
	(3163,'Export',296,13),
	(3164,'Export',297,13),
	(3165,'Pils',300,13),
	(3166,'Weizen',307,13),
	(3167,'Weizen',312,13),
	(3168,'Weizen',322,13),
	(3169,'Pils',325,13),
	(3170,'Export',330,13),
	(3171,'Export',344,13),
	(3172,'Export',345,13),
	(3173,'Weizen',350,13),
	(3174,'Weizen',351,13),
	(3175,'Export',362,13),
	(3176,'Weizen',363,13),
	(3177,'Pils',370,13),
	(3178,'Export',379,13),
	(3179,'Weizen',383,13),
	(3180,'Export',387,13),
	(3181,'Weizen',391,13),
	(3182,'Export',394,13),
	(3183,'Pils',400,13),
	(3184,'Export',411,13),
	(3185,'Weizen',412,13),
	(3186,'Weizen',419,13),
	(3187,'Pils',421,13),
	(3188,'Export',427,13),
	(3189,'Pils',428,13),
	(3190,'Weizen',430,13),
	(3191,'Pils',431,13),
	(3192,'Pils',436,13),
	(3193,'Weizen',440,13),
	(3194,'Pils',441,13),
	(3195,'Export',446,13),
	(3196,'Pils',449,13),
	(3197,'Pils',457,13),
	(3198,'Weizen',458,13),
	(3199,'Pils',459,13),
	(3200,'Export',464,13),
	(3201,'Export',467,13),
	(3202,'Pils',475,13),
	(3203,'Weizen',482,13),
	(3204,'Pils',488,13),
	(3205,'Export',490,13),
	(3206,'Export',491,13),
	(3207,'Weizen',492,13),
	(3208,'Pils',495,13),
	(3209,'Weizen',496,13),
	(3210,'Pils',500,13),
	(3211,'Export',506,13),
	(3212,'Pils',507,13),
	(3213,'Weizen',529,13),
	(3214,'Weizen',540,13),
	(3215,'Pils',542,13),
	(3216,'Weizen',548,13),
	(3217,'Weizen',554,13),
	(3218,'Weizen',556,13),
	(3219,'Pils',561,13),
	(3220,'Pils',564,13),
	(3221,'Weizen',565,13),
	(3222,'Pils',569,13),
	(3223,'Export',572,13),
	(3224,'Export',579,13),
	(3225,'Weizen',583,13),
	(3226,'Pils',592,13),
	(3227,'Weizen',594,13),
	(3228,'Export',603,13),
	(3229,'Export',606,13),
	(3230,'Pils',607,13),
	(3231,'Weizen',608,13),
	(3232,'Export',609,13),
	(3233,'Pils',611,13),
	(3234,'Weizen',621,13),
	(3235,'Pils',623,13),
	(3236,'Pils',635,13),
	(3237,'Weizen',637,13),
	(3238,'Pils',642,13),
	(3239,'Export',644,13),
	(3240,'Pils',647,13),
	(3241,'Export',650,13),
	(3242,'Pils',651,13),
	(3243,'Export',658,13),
	(3244,'Export',659,13),
	(3245,'Export',663,13),
	(3246,'Pils',671,13),
	(3247,'Export',676,13),
	(3248,'Pils',677,13),
	(3249,'Pils',678,13),
	(3250,'Export',682,13),
	(3251,'Pils',687,13),
	(3252,'Weizen',699,13),
	(3253,'Export',701,13),
	(3254,'Export',702,13),
	(3255,'Export',704,13),
	(3256,'Weizen',709,13),
	(3257,'Export',715,13),
	(3258,'Pils',717,13),
	(3259,'Export',730,13),
	(3260,'Export',733,13),
	(3261,'Pils',743,13),
	(3262,'Export',745,13),
	(3263,'Pils',747,13),
	(3264,'Weizen',749,13),
	(3265,'Pils',753,13),
	(3266,'Pils',763,13),
	(3267,'Export',768,13),
	(3268,'Pils',769,13),
	(3269,'Pils',771,13),
	(3270,'Weizen',773,13),
	(3271,'Pils',776,13),
	(3272,'Weizen',778,13),
	(3273,'Export',780,13),
	(3274,'Export',782,13),
	(3275,'Export',783,13),
	(3276,'Export',785,13),
	(3277,'Weizen',788,13),
	(3278,'Pils',789,13),
	(3279,'Export',790,13),
	(3280,'Weizen',794,13),
	(3281,'Pils',804,13),
	(3282,'Export',805,13),
	(3283,'Pils',809,13),
	(3284,'Weizen',811,13),
	(3285,'Weizen',812,13),
	(3286,'Weizen',815,13),
	(3287,'Export',818,13),
	(3288,'Weizen',821,13),
	(3289,'Pils',841,13),
	(3290,'Export',847,13),
	(3291,'Pils',854,13),
	(3292,'Pils',855,13),
	(3293,'Export',856,13),
	(3294,'Pils',862,13),
	(3295,'Export',865,13),
	(3296,'Weizen',871,13),
	(3297,'Pils',879,13),
	(3298,'Export',882,13),
	(3299,'Export',884,13),
	(3300,'Weizen',888,13),
	(3301,'Weizen',889,13),
	(3302,'Pils',892,13),
	(3303,'Weizen',898,13),
	(3304,'Weizen',901,13),
	(3305,'Pils',902,13),
	(3306,'Export',919,13),
	(3307,'Weizen',922,13),
	(3308,'Weizen',923,13),
	(3309,'Weizen',927,13),
	(3310,'Pils',935,13),
	(3311,'Export',946,13),
	(3312,'Export',947,13),
	(3313,'Export',948,13),
	(3314,'Pils',952,13),
	(3315,'Export',954,13),
	(3316,'Export',955,13),
	(3317,'Export',961,13),
	(3318,'Pils',972,13),
	(3319,'Weizen',976,13),
	(3320,'Export',986,13),
	(3321,'Pils',989,13),
	(3322,'Export',998,13),
	(3323,'Pils',1005,13),
	(3324,'Weizen',1007,13),
	(3325,'Pils',1012,13),
	(3326,'Export',1015,13),
	(3327,'Pils',1019,13),
	(3328,'Export',1023,13),
	(3329,'Export',1026,13),
	(3330,'Export',1027,13),
	(3331,'Export',1029,13),
	(3332,'Weizen',1030,13),
	(3333,'Pils',1031,13),
	(3334,'Pils',1034,13),
	(3335,'Weizen',1035,13),
	(3336,'Weizen',1036,13),
	(3337,'Weizen',1041,13),
	(3338,'Pils',1047,13),
	(3339,'Weizen',1048,13),
	(3340,'Pils',1049,13),
	(3341,'Export',1050,13),
	(3342,'Weizen',1053,13),
	(3343,'Export',1056,13),
	(3344,'PC',23,14),
	(3345,'Mac',27,14),
	(3346,'Mac',44,14),
	(3347,'Mac',64,14),
	(3348,'PC',66,14),
	(3349,'Mac',70,14),
	(3350,'PC',72,14),
	(3351,'PC',73,14),
	(3352,'PC',78,14),
	(3353,'PC',80,14),
	(3354,'Mac',83,14),
	(3355,'Mac',85,14),
	(3356,'Mac',92,14),
	(3357,'Mac',99,14),
	(3358,'PC',101,14),
	(3359,'PC',104,14),
	(3360,'Mac',108,14),
	(3361,'Mac',110,14),
	(3362,'PC',111,14),
	(3363,'PC',116,14),
	(3364,'PC',119,14),
	(3365,'PC',128,14),
	(3366,'PC',131,14),
	(3367,'Mac',133,14),
	(3368,'Mac',141,14),
	(3369,'PC',142,14),
	(3370,'PC',144,14),
	(3371,'PC',145,14),
	(3372,'Mac',146,14),
	(3373,'Mac',158,14),
	(3374,'PC',159,14),
	(3375,'Mac',162,14),
	(3376,'PC',164,14),
	(3377,'Mac',166,14),
	(3378,'Mac',170,14),
	(3379,'PC',173,14),
	(3380,'PC',177,14),
	(3381,'PC',182,14),
	(3382,'Mac',190,14),
	(3383,'Mac',195,14),
	(3384,'Mac',200,14),
	(3385,'Mac',207,14),
	(3386,'Mac',209,14),
	(3387,'PC',213,14),
	(3388,'PC',214,14),
	(3389,'PC',217,14),
	(3390,'Mac',221,14),
	(3391,'PC',223,14),
	(3392,'PC',224,14),
	(3393,'Mac',225,14),
	(3394,'PC',228,14),
	(3395,'PC',233,14),
	(3396,'PC',244,14),
	(3397,'PC',252,14),
	(3398,'PC',253,14),
	(3399,'Mac',254,14),
	(3400,'PC',260,14),
	(3401,'PC',267,14),
	(3402,'PC',268,14),
	(3403,'Mac',272,14),
	(3404,'PC',284,14),
	(3405,'Mac',288,14),
	(3406,'Mac',293,14),
	(3407,'Mac',295,14),
	(3408,'PC',297,14),
	(3409,'Mac',301,14),
	(3410,'PC',306,14),
	(3411,'Mac',311,14),
	(3412,'PC',316,14),
	(3413,'Mac',317,14),
	(3414,'PC',318,14),
	(3415,'Mac',324,14),
	(3416,'Mac',326,14),
	(3417,'Mac',333,14),
	(3418,'Mac',334,14),
	(3419,'PC',341,14),
	(3420,'Mac',343,14),
	(3421,'Mac',344,14),
	(3422,'Mac',347,14),
	(3423,'PC',351,14),
	(3424,'PC',358,14),
	(3425,'Mac',362,14),
	(3426,'Mac',363,14),
	(3427,'PC',364,14),
	(3428,'Mac',367,14),
	(3429,'Mac',368,14),
	(3430,'Mac',369,14),
	(3431,'Mac',372,14),
	(3432,'PC',373,14),
	(3433,'Mac',375,14),
	(3434,'PC',380,14),
	(3435,'Mac',390,14),
	(3436,'PC',392,14),
	(3437,'PC',393,14),
	(3438,'PC',401,14),
	(3439,'PC',413,14),
	(3440,'Mac',415,14),
	(3441,'Mac',418,14),
	(3442,'PC',422,14),
	(3443,'PC',423,14),
	(3444,'PC',427,14),
	(3445,'PC',429,14),
	(3446,'Mac',433,14),
	(3447,'PC',436,14),
	(3448,'Mac',438,14),
	(3449,'Mac',441,14),
	(3450,'PC',446,14),
	(3451,'Mac',448,14),
	(3452,'Mac',449,14),
	(3453,'PC',450,14),
	(3454,'Mac',451,14),
	(3455,'Mac',453,14),
	(3456,'PC',458,14),
	(3457,'Mac',461,14),
	(3458,'PC',463,14),
	(3459,'PC',480,14),
	(3460,'PC',492,14),
	(3461,'Mac',504,14),
	(3462,'Mac',505,14),
	(3463,'PC',506,14),
	(3464,'Mac',512,14),
	(3465,'Mac',518,14),
	(3466,'PC',519,14),
	(3467,'Mac',521,14),
	(3468,'PC',524,14),
	(3469,'Mac',526,14),
	(3470,'Mac',527,14),
	(3471,'PC',530,14),
	(3472,'Mac',533,14),
	(3473,'Mac',535,14),
	(3474,'Mac',540,14),
	(3475,'Mac',543,14),
	(3476,'Mac',546,14),
	(3477,'PC',550,14),
	(3478,'Mac',551,14),
	(3479,'PC',554,14),
	(3480,'PC',557,14),
	(3481,'PC',566,14),
	(3482,'PC',569,14),
	(3483,'PC',573,14),
	(3484,'PC',575,14),
	(3485,'Mac',576,14),
	(3486,'PC',577,14),
	(3487,'PC',581,14),
	(3488,'PC',587,14),
	(3489,'PC',595,14),
	(3490,'PC',597,14),
	(3491,'PC',601,14),
	(3492,'PC',602,14),
	(3493,'Mac',611,14),
	(3494,'PC',613,14),
	(3495,'PC',616,14),
	(3496,'Mac',619,14),
	(3497,'Mac',621,14),
	(3498,'PC',624,14),
	(3499,'PC',628,14),
	(3500,'PC',631,14),
	(3501,'PC',635,14),
	(3502,'PC',651,14),
	(3503,'Mac',652,14),
	(3504,'PC',661,14),
	(3505,'PC',664,14),
	(3506,'PC',666,14),
	(3507,'PC',669,14),
	(3508,'PC',671,14),
	(3509,'Mac',674,14),
	(3510,'Mac',675,14),
	(3511,'Mac',676,14),
	(3512,'Mac',679,14),
	(3513,'Mac',688,14),
	(3514,'PC',692,14),
	(3515,'Mac',695,14),
	(3516,'Mac',699,14),
	(3517,'PC',704,14),
	(3518,'PC',711,14),
	(3519,'PC',712,14),
	(3520,'Mac',715,14),
	(3521,'PC',716,14),
	(3522,'Mac',724,14),
	(3523,'Mac',725,14),
	(3524,'PC',727,14),
	(3525,'PC',729,14),
	(3526,'PC',730,14),
	(3527,'Mac',740,14),
	(3528,'PC',748,14),
	(3529,'PC',754,14),
	(3530,'PC',758,14),
	(3531,'Mac',761,14),
	(3532,'Mac',766,14),
	(3533,'PC',767,14),
	(3534,'PC',768,14),
	(3535,'Mac',782,14),
	(3536,'Mac',783,14),
	(3537,'Mac',784,14),
	(3538,'Mac',786,14),
	(3539,'PC',791,14),
	(3540,'PC',792,14),
	(3541,'Mac',801,14),
	(3542,'Mac',806,14),
	(3543,'Mac',807,14),
	(3544,'PC',810,14),
	(3545,'Mac',812,14),
	(3546,'PC',816,14),
	(3547,'Mac',818,14),
	(3548,'Mac',821,14),
	(3549,'Mac',830,14),
	(3550,'Mac',834,14),
	(3551,'Mac',838,14),
	(3552,'Mac',842,14),
	(3553,'PC',851,14),
	(3554,'Mac',853,14),
	(3555,'PC',859,14),
	(3556,'Mac',863,14),
	(3557,'PC',872,14),
	(3558,'PC',878,14),
	(3559,'Mac',891,14),
	(3560,'Mac',892,14),
	(3561,'Mac',898,14),
	(3562,'PC',901,14),
	(3563,'Mac',907,14),
	(3564,'PC',908,14),
	(3565,'Mac',912,14),
	(3566,'Mac',916,14),
	(3567,'PC',919,14),
	(3568,'PC',920,14),
	(3569,'Mac',925,14),
	(3570,'PC',931,14),
	(3571,'Mac',933,14),
	(3572,'PC',937,14),
	(3573,'Mac',950,14),
	(3574,'PC',954,14),
	(3575,'PC',955,14),
	(3576,'Mac',958,14),
	(3577,'PC',962,14),
	(3578,'Mac',964,14),
	(3579,'PC',968,14),
	(3580,'Mac',970,14),
	(3581,'PC',973,14),
	(3582,'PC',976,14),
	(3583,'Mac',982,14),
	(3584,'Mac',986,14),
	(3585,'PC',988,14),
	(3586,'Mac',989,14),
	(3587,'PC',1003,14),
	(3588,'Mac',1019,14),
	(3589,'PC',1020,14),
	(3590,'PC',1022,14),
	(3591,'Mac',1024,14),
	(3592,'PC',1026,14),
	(3593,'Mac',1029,14),
	(3594,'Mac',1038,14),
	(3595,'PC',1040,14),
	(3596,'PC',1053,14),
	(3597,'Mac',1056,14),
	(3598,'Nein',24,26),
	(3599,'Nein',26,26),
	(3600,'Ja',27,26),
	(3601,'Nein',28,26),
	(3602,'Nein',34,26),
	(3603,'Nein',57,26),
	(3604,'Nein',62,26),
	(3605,'Nein',64,26),
	(3606,'Ja',68,26),
	(3607,'Ja',72,26),
	(3608,'Ja',75,26),
	(3609,'Ja',79,26),
	(3610,'Nein',97,26),
	(3611,'Nein',99,26),
	(3612,'Nein',104,26),
	(3613,'Nein',106,26),
	(3614,'Ja',107,26),
	(3615,'Nein',118,26),
	(3616,'Ja',124,26),
	(3617,'Nein',126,26),
	(3618,'Ja',133,26),
	(3619,'Ja',136,26),
	(3620,'Nein',141,26),
	(3621,'Nein',146,26),
	(3622,'Ja',159,26),
	(3623,'Ja',160,26),
	(3624,'Nein',167,26),
	(3625,'Nein',173,26),
	(3626,'Nein',178,26),
	(3627,'Nein',188,26),
	(3628,'Nein',196,26),
	(3629,'Ja',198,26),
	(3630,'Ja',199,26),
	(3631,'Nein',209,26),
	(3632,'Ja',211,26),
	(3633,'Ja',212,26),
	(3634,'Ja',224,26),
	(3635,'Nein',226,26),
	(3636,'Nein',228,26),
	(3637,'Ja',241,26),
	(3638,'Nein',245,26),
	(3639,'Ja',248,26),
	(3640,'Ja',252,26),
	(3641,'Nein',261,26),
	(3642,'Nein',263,26),
	(3643,'Ja',269,26),
	(3644,'Nein',282,26),
	(3645,'Nein',291,26),
	(3646,'Nein',294,26),
	(3647,'Ja',300,26),
	(3648,'Ja',305,26),
	(3649,'Ja',309,26),
	(3650,'Ja',313,26),
	(3651,'Ja',314,26),
	(3652,'Ja',315,26),
	(3653,'Nein',317,26),
	(3654,'Ja',322,26),
	(3655,'Ja',323,26),
	(3656,'Ja',324,26),
	(3657,'Nein',325,26),
	(3658,'Ja',327,26),
	(3659,'Nein',346,26),
	(3660,'Nein',349,26),
	(3661,'Nein',369,26),
	(3662,'Ja',384,26),
	(3663,'Ja',385,26),
	(3664,'Nein',387,26),
	(3665,'Nein',391,26),
	(3666,'Nein',393,26),
	(3667,'Ja',400,26),
	(3668,'Nein',402,26),
	(3669,'Nein',420,26),
	(3670,'Nein',425,26),
	(3671,'Ja',432,26),
	(3672,'Ja',441,26),
	(3673,'Ja',449,26),
	(3674,'Ja',450,26),
	(3675,'Nein',458,26),
	(3676,'Ja',463,26),
	(3677,'Ja',465,26),
	(3678,'Nein',472,26),
	(3679,'Nein',474,26),
	(3680,'Ja',476,26),
	(3681,'Ja',478,26),
	(3682,'Ja',480,26),
	(3683,'Ja',485,26),
	(3684,'Ja',486,26),
	(3685,'Nein',489,26),
	(3686,'Ja',490,26),
	(3687,'Nein',491,26),
	(3688,'Ja',494,26),
	(3689,'Nein',506,26),
	(3690,'Nein',514,26),
	(3691,'Nein',519,26),
	(3692,'Nein',523,26),
	(3693,'Ja',527,26),
	(3694,'Nein',535,26),
	(3695,'Ja',537,26),
	(3696,'Ja',542,26),
	(3697,'Nein',550,26),
	(3698,'Ja',557,26),
	(3699,'Ja',563,26),
	(3700,'Nein',568,26),
	(3701,'Ja',570,26),
	(3702,'Nein',584,26),
	(3703,'Ja',590,26),
	(3704,'Ja',594,26),
	(3705,'Ja',597,26),
	(3706,'Ja',599,26),
	(3707,'Ja',603,26),
	(3708,'Nein',604,26),
	(3709,'Nein',614,26),
	(3710,'Nein',617,26),
	(3711,'Ja',619,26),
	(3712,'Nein',622,26),
	(3713,'Ja',626,26),
	(3714,'Ja',627,26),
	(3715,'Ja',631,26),
	(3716,'Ja',641,26),
	(3717,'Ja',642,26),
	(3718,'Nein',644,26),
	(3719,'Ja',651,26),
	(3720,'Ja',652,26),
	(3721,'Ja',659,26),
	(3722,'Ja',664,26),
	(3723,'Nein',665,26),
	(3724,'Ja',666,26),
	(3725,'Ja',675,26),
	(3726,'Ja',677,26),
	(3727,'Nein',680,26),
	(3728,'Ja',684,26),
	(3729,'Ja',686,26),
	(3730,'Ja',694,26),
	(3731,'Ja',695,26),
	(3732,'Nein',697,26),
	(3733,'Nein',704,26),
	(3734,'Nein',706,26),
	(3735,'Ja',707,26),
	(3736,'Nein',709,26),
	(3737,'Nein',712,26),
	(3738,'Ja',714,26),
	(3739,'Nein',721,26),
	(3740,'Ja',732,26),
	(3741,'Ja',734,26),
	(3742,'Ja',736,26),
	(3743,'Ja',737,26),
	(3744,'Nein',741,26),
	(3745,'Nein',745,26),
	(3746,'Nein',750,26),
	(3747,'Nein',758,26),
	(3748,'Nein',764,26),
	(3749,'Nein',783,26),
	(3750,'Nein',785,26),
	(3751,'Nein',787,26),
	(3752,'Ja',789,26),
	(3753,'Nein',790,26),
	(3754,'Ja',796,26),
	(3755,'Nein',797,26),
	(3756,'Ja',798,26),
	(3757,'Ja',799,26),
	(3758,'Nein',800,26),
	(3759,'Ja',809,26),
	(3760,'Nein',810,26),
	(3761,'Nein',811,26),
	(3762,'Nein',813,26),
	(3763,'Ja',814,26),
	(3764,'Ja',815,26),
	(3765,'Nein',816,26),
	(3766,'Ja',821,26),
	(3767,'Ja',822,26),
	(3768,'Ja',826,26),
	(3769,'Nein',833,26),
	(3770,'Ja',836,26),
	(3771,'Nein',837,26),
	(3772,'Nein',838,26),
	(3773,'Ja',839,26),
	(3774,'Nein',841,26),
	(3775,'Ja',847,26),
	(3776,'Nein',849,26),
	(3777,'Ja',851,26),
	(3778,'Nein',855,26),
	(3779,'Nein',863,26),
	(3780,'Nein',865,26),
	(3781,'Ja',867,26),
	(3782,'Ja',868,26),
	(3783,'Nein',870,26),
	(3784,'Nein',875,26),
	(3785,'Ja',876,26),
	(3786,'Ja',877,26),
	(3787,'Ja',878,26),
	(3788,'Ja',883,26),
	(3789,'Nein',884,26),
	(3790,'Nein',887,26),
	(3791,'Nein',891,26),
	(3792,'Ja',892,26),
	(3793,'Nein',894,26),
	(3794,'Nein',895,26),
	(3795,'Ja',900,26),
	(3796,'Ja',903,26),
	(3797,'Ja',906,26),
	(3798,'Nein',911,26),
	(3799,'Ja',915,26),
	(3800,'Nein',916,26),
	(3801,'Nein',917,26),
	(3802,'Ja',926,26),
	(3803,'Nein',929,26),
	(3804,'Ja',938,26),
	(3805,'Nein',939,26),
	(3806,'Ja',941,26),
	(3807,'Nein',949,26),
	(3808,'Nein',951,26),
	(3809,'Ja',953,26),
	(3810,'Nein',955,26),
	(3811,'Ja',965,26),
	(3812,'Nein',977,26),
	(3813,'Nein',987,26),
	(3814,'Nein',989,26),
	(3815,'Nein',990,26),
	(3816,'Ja',994,26),
	(3817,'Nein',1002,26),
	(3818,'Ja',1005,26),
	(3819,'Nein',1010,26),
	(3820,'Ja',1013,26),
	(3821,'Ja',1017,26),
	(3822,'Ja',1019,26),
	(3823,'Ja',1024,26),
	(3824,'Nein',1033,26),
	(3825,'Nein',1034,26),
	(3826,'Ja',1042,26),
	(3827,'Nein',1047,26),
	(3828,'Nein',1051,26),
	(3829,'Nein',1053,26),
	(3830,'Nein',1055,26);

/*!40000 ALTER TABLE `Info` ENABLE KEYS */;
UNLOCK TABLES;


# Dump of table Kontaktsperre
# ------------------------------------------------------------

DROP TABLE IF EXISTS `Kontaktsperre`;

CREATE TABLE `Kontaktsperre` (
  `id` int(11) unsigned NOT NULL AUTO_INCREMENT,
  `Sperrer_id` int(11) DEFAULT NULL,
  `Gesperrter_id` int(11) DEFAULT NULL,
  PRIMARY KEY (`id`)
) ENGINE=InnoDB DEFAULT CHARSET=utf8;

LOCK TABLES `Kontaktsperre` WRITE;
/*!40000 ALTER TABLE `Kontaktsperre` DISABLE KEYS */;

INSERT INTO `Kontaktsperre` (`id`, `Sperrer_id`, `Gesperrter_id`)
VALUES
	(25,23,407);

/*!40000 ALTER TABLE `Kontaktsperre` ENABLE KEYS */;
UNLOCK TABLES;


# Dump of table Merkzettel
# ------------------------------------------------------------

DROP TABLE IF EXISTS `Merkzettel`;

CREATE TABLE `Merkzettel` (
  `id` int(11) unsigned NOT NULL AUTO_INCREMENT,
  `Gemerkter_id` int(11) DEFAULT NULL,
  `Merker_id` int(11) unsigned DEFAULT NULL,
  PRIMARY KEY (`id`),
  KEY `FK_Profil2` (`Merker_id`),
  CONSTRAINT `FK_Profil2` FOREIGN KEY (`Merker_id`) REFERENCES `Profil` (`id`) ON DELETE CASCADE
) ENGINE=InnoDB DEFAULT CHARSET=utf8;

LOCK TABLES `Merkzettel` WRITE;
/*!40000 ALTER TABLE `Merkzettel` DISABLE KEYS */;

INSERT INTO `Merkzettel` (`id`, `Gemerkter_id`, `Merker_id`)
VALUES
	(79,129,23),
	(80,340,23),
	(81,942,23),
	(82,991,23);

/*!40000 ALTER TABLE `Merkzettel` ENABLE KEYS */;
UNLOCK TABLES;


# Dump of table Profil
# ------------------------------------------------------------

DROP TABLE IF EXISTS `Profil`;

CREATE TABLE `Profil` (
  `Geburtsdatum` date DEFAULT NULL,
  `Vorname` varchar(50) DEFAULT NULL,
  `Nachname` varchar(50) DEFAULT NULL,
  `Erstelldatum` timestamp NOT NULL DEFAULT CURRENT_TIMESTAMP,
  `Email` varchar(50) DEFAULT NULL,
  `Haarfarbe` varchar(50) DEFAULT NULL,
  `Koerpergroesse` int(3) DEFAULT NULL,
  `Raucher` varchar(30) DEFAULT NULL,
  `Religion` varchar(50) DEFAULT NULL,
  `Geschlecht` varchar(20) DEFAULT NULL,
  `id` int(11) unsigned NOT NULL AUTO_INCREMENT,
  `Aenderungsdatum` datetime DEFAULT NULL ON UPDATE CURRENT_TIMESTAMP,
  PRIMARY KEY (`id`)
) ENGINE=InnoDB DEFAULT CHARSET=utf8;

LOCK TABLES `Profil` WRITE;
/*!40000 ALTER TABLE `Profil` DISABLE KEYS */;

INSERT INTO `Profil` (`Geburtsdatum`, `Vorname`, `Nachname`, `Erstelldatum`, `Email`, `Haarfarbe`, `Koerpergroesse`, `Raucher`, `Religion`, `Geschlecht`, `id`, `Aenderungsdatum`)
VALUES
	('1985-06-07','Daniel','Volzi','2016-05-18 18:05:30','test@example.com','brünett',172,'Ja','römisch-orthodox','männlich',23,'2016-06-27 10:35:02'),
	('1994-10-13','Hansi','Mueller','2016-05-19 14:35:45','test23@example.com','blond',184,'Nein','römisch-katholisch','männlich',24,'2016-06-05 18:56:03'),
	('1992-01-01','Peter','Schulze','2016-05-19 18:53:13','test1@example.com','dunkel-blond',201,'Ja','jüdisch','männlich',25,'2016-06-05 21:26:12'),
	('1992-04-21','Nargi','Veri','2016-05-21 21:55:40','nargi@example.com','brünett',161,'Nein','jüdisch','weiblich',26,'2016-06-09 17:06:56'),
	('1964-06-08','Heike','Drexler','2016-06-05 21:26:47','1@example.com','dunkel-blond',165,'Nein','römisch-katholisch','weiblich',27,NULL),
	('1960-11-06','Claudi','Roth','2016-06-05 21:29:05','2@example.com','rot',166,'Nein','evangelisch','weiblich',28,NULL),
	('1906-05-02','bubbi','babaa','2016-06-16 03:29:50','test@e213xample.com','blond',144,'Ja','römisch-katholisch','männlich',34,'2016-06-16 08:44:32'),
	('1900-01-01','happy','man','2016-06-16 09:56:57','test@exasdsdasdample.com','blond',140,'Ja','römisch-katholisch','männlich',36,'2016-06-16 14:10:34'),
	('1985-05-20','Adam','Hööö','2016-06-24 22:01:39','tejjjjjbgjst@example.com','schwarz',171,'Ja','römisch-orthodox','männlich',43,'2016-06-28 00:55:52'),
	('1900-01-01','Neusty','Neumann','2016-06-27 09:15:25','neu@example.com','blond',140,'Ja','römisch-katholisch','männlich',44,NULL),
	('1984-04-05','Hansi2','Wursti2','2016-06-27 16:26:47','test@example.com1','dunkel-blond',194,'Nein','römisch-katholisch','männlich',56,'2016-06-27 16:38:13'),
	('1973-04-14','Caroline','Baumann','2016-06-28 10:21:14','Caroline.Baumann@mail.com','blond',180,'Nein','römisch-katholisch','weiblich',57,NULL),
	('1991-08-26','Christina','Baumann','2016-06-28 10:21:14','Christina.Baumann@mail.com','brünett',187,'Ja','muslimisch','weiblich',58,NULL),
	('1954-02-13','Max','Reiter','2016-06-28 10:21:14','Max.Reiter@mail.com','brünett',178,'Ja','römisch-katholisch','männlich',59,NULL),
	('1989-04-20','Christina','Reiter','2016-06-28 10:21:14','Christina.Reiter@mail.com','brünett',152,'Nein','römisch-orthodox','weiblich',60,NULL),
	('1988-03-25','Christopher','Müller','2016-06-28 10:21:15','Christopher.Müller@mail.com','brünett',170,'Nein','muslimisch','männlich',61,NULL),
	('1989-06-14','Max','Bosch','2016-06-28 10:21:15','Max.Bosch@mail.com','schwarz',174,'Nein','evangelisch','männlich',62,NULL),
	('1982-11-22','Meike','Baumann','2016-06-28 10:21:15','Meike.Baumann@mail.com','rot',173,'Nein','römisch-orthodox','weiblich',63,NULL),
	('1977-05-03','Florian','Baumann','2016-06-28 10:21:15','Florian.Baumann@mail.com','blond',157,'Nein','römisch-katholisch','männlich',64,NULL),
	('1953-05-10','Caroline','Müller','2016-06-28 10:21:15','Caroline.Müller@mail.com','schwarz',163,'Ja','römisch-orthodox','weiblich',65,NULL),
	('1953-11-28','Christina','Schulz','2016-06-28 10:21:15','Christina.Schulz@mail.com','rot',174,'Ja','evangelisch','weiblich',66,NULL),
	('1961-04-17','Paul','Müller','2016-06-28 10:21:15','Paul.Müller@mail.com','schwarz',150,'Nein','römisch-orthodox','männlich',67,NULL),
	('1965-04-25','Peter','Müller','2016-06-28 10:21:15','Peter.Müller@mail.com','schwarz',154,'Ja','muslimisch','männlich',68,NULL),
	('1953-04-17','Christina','Müller','2016-06-28 10:21:15','Christina.Müller@mail.com','dunkel-blond',169,'Nein','römisch-katholisch','weiblich',69,NULL),
	('1973-04-11','Benjamin','Müller','2016-06-28 10:21:15','Benjamin.Müller@mail.com','schwarz',185,'Nein','römisch-orthodox','männlich',70,NULL),
	('1955-11-29','Caroline','Müller','2016-06-28 10:21:15','Caroline.Müller@mail.com','rot',156,'Ja','jüdisch','weiblich',71,NULL),
	('1954-04-15','Petra','Schulz','2016-06-28 10:21:15','Petera.Schulz@mail.com','blond',168,'Ja','muslimisch','weiblich',72,'2016-06-30 14:55:32'),
	('1961-11-26','Caroline','Baumann','2016-06-28 10:21:15','Caroline.Baumann@mail.com','dunkel-blond',173,'Nein','römisch-orthodox','weiblich',73,NULL),
	('1978-05-20','Lina','Baumann','2016-06-28 10:21:15','Lina.Baumann@mail.com','dunkel-blond',153,'Ja','römisch-katholisch','weiblich',74,NULL),
	('1974-02-07','Christina','Reiter','2016-06-28 10:21:15','Christina.Reiter@mail.com','brünett',159,'Nein','römisch-katholisch','weiblich',75,NULL),
	('1998-02-01','Lina','Müller','2016-06-28 10:21:15','Lina.Müller@mail.com','schwarz',151,'Ja','evangelisch','weiblich',76,NULL),
	('1982-09-22','Nora','Reiter','2016-06-28 10:21:15','Nora.Reiter@mail.com','brünett',174,'Ja','muslimisch','weiblich',77,NULL),
	('1957-02-20','Ulrike','Schulz','2016-06-28 10:21:15','Ulrike.Schulz@mail.com','schwarz',158,'Ja','evangelisch','weiblich',78,NULL),
	('1957-05-15','Christopher','Bosch','2016-06-28 10:21:15','Christopher.Bosch@mail.com','schwarz',169,'Ja','römisch-orthodox','männlich',79,NULL),
	('1996-09-04','Peter','Bosch','2016-06-28 10:21:15','Peter.Bosch@mail.com','schwarz',175,'Ja','muslimisch','männlich',80,NULL),
	('1980-08-26','Ulrike','Müller','2016-06-28 10:21:15','Ulrike.Müller@mail.com','rot',167,'Ja','römisch-orthodox','weiblich',81,NULL),
	('1990-09-12','Daniel','Reiter','2016-06-28 10:21:15','Daniel.Reiter@mail.com','schwarz',169,'Ja','jüdisch','männlich',82,NULL),
	('1994-10-02','Christina','Müller','2016-06-28 10:21:15','Christina.Müller@mail.com','rot',186,'Nein','muslimisch','weiblich',83,NULL),
	('1964-01-21','Nora','Baumann','2016-06-28 10:21:15','Nora.Baumann@mail.com','rot',161,'Ja','evangelisch','weiblich',84,NULL),
	('1968-11-21','Lina','Reiter','2016-06-28 10:21:15','Lina.Reiter@mail.com','blond',166,'Nein','jüdisch','weiblich',85,NULL),
	('1965-05-09','Florian','Baumann','2016-06-28 10:21:15','Florian.Baumann@mail.com','schwarz',186,'Ja','evangelisch','männlich',86,NULL),
	('1994-08-01','Olga','Bosch','2016-06-28 10:21:15','Olga.Bosch@mail.com','blond',178,'Ja','muslimisch','weiblich',87,NULL),
	('1958-09-07','Christopher','Bosch','2016-06-28 10:21:15','Christopher.Bosch@mail.com','blond',181,'Nein','römisch-katholisch','männlich',88,NULL),
	('1971-05-06','Max','Schulz','2016-06-28 10:21:15','Max.Schulz@mail.com','schwarz',165,'Ja','evangelisch','männlich',89,NULL),
	('1949-10-22','Ulrike','Schulz','2016-06-28 10:21:15','Ulrike.Schulz@mail.com','dunkel-blond',170,'Nein','jüdisch','weiblich',90,NULL),
	('1956-10-20','Benjamin','Reiter','2016-06-28 10:21:15','Benjamin.Reiter@mail.com','rot',162,'Nein','römisch-katholisch','männlich',91,NULL),
	('1994-09-26','Johannes','Müller','2016-06-28 10:21:15','Johannes.Müller@mail.com','schwarz',173,'Ja','römisch-orthodox','männlich',92,NULL),
	('1973-05-04','Paul','Bosch','2016-06-28 10:21:15','Paul.Bosch@mail.com','blond',164,'Ja','evangelisch','männlich',93,NULL),
	('1993-03-02','Ulrike','Baumann','2016-06-28 10:21:15','Ulrike.Baumann@mail.com','brünett',161,'Nein','römisch-katholisch','weiblich',94,NULL),
	('1982-04-13','Johannes','Reiter','2016-06-28 10:21:15','Johannes.Reiter@mail.com','rot',154,'Ja','muslimisch','männlich',95,NULL),
	('1984-11-14','Peter','Baumann','2016-06-28 10:21:15','Peter.Baumann@mail.com','schwarz',175,'Ja','jüdisch','männlich',96,NULL),
	('1958-04-26','Max','Müller','2016-06-28 10:21:15','Max.Müller@mail.com','dunkel-blond',179,'Nein','evangelisch','männlich',97,NULL),
	('1970-08-26','Petra','Baumann','2016-06-28 10:21:15','Petera.Baumann@mail.com','blond',152,'Nein','römisch-katholisch','weiblich',98,'2016-06-30 14:55:32'),
	('1958-07-03','Christina','Müller','2016-06-28 10:21:15','Christina.Müller@mail.com','rot',155,'Ja','muslimisch','weiblich',99,NULL),
	('1965-08-03','Benjamin','Schulz','2016-06-28 10:21:15','Benjamin.Schulz@mail.com','dunkel-blond',174,'Ja','muslimisch','männlich',100,NULL),
	('1993-03-29','Paula','Schulz','2016-06-28 10:21:15','Paula.Schulz@mail.com','schwarz',172,'Ja','römisch-katholisch','weiblich',101,NULL),
	('1991-11-12','Caroline','Müller','2016-06-28 10:21:15','Caroline.Müller@mail.com','rot',167,'Ja','evangelisch','weiblich',102,NULL),
	('1955-09-09','Benjamin','Bosch','2016-06-28 10:21:15','Benjamin.Bosch@mail.com','schwarz',157,'Nein','römisch-katholisch','männlich',103,NULL),
	('1966-07-24','Olga','Bosch','2016-06-28 10:21:15','Olga.Bosch@mail.com','rot',153,'Ja','römisch-katholisch','weiblich',104,NULL),
	('1977-07-17','Daniel','Reiter','2016-06-28 10:21:15','Daniel.Reiter@mail.com','schwarz',150,'Nein','evangelisch','männlich',105,NULL),
	('1969-07-25','Lina','Müller','2016-06-28 10:21:15','Lina.Müller@mail.com','brünett',175,'Ja','römisch-orthodox','weiblich',106,NULL),
	('1969-10-06','Daniel','Baumann','2016-06-28 10:21:15','Daniel.Baumann@mail.com','blond',153,'Ja','römisch-orthodox','männlich',107,NULL),
	('1970-02-20','Paula','Müller','2016-06-28 10:21:15','Paula.Müller@mail.com','schwarz',178,'Ja','evangelisch','weiblich',108,NULL),
	('1990-01-20','Olga','Bosch','2016-06-28 10:21:15','Olga.Bosch@mail.com','brünett',154,'Nein','jüdisch','weiblich',109,NULL),
	('1961-04-02','Paul','Bosch','2016-06-28 10:21:15','Paul.Bosch@mail.com','brünett',159,'Nein','muslimisch','männlich',110,NULL),
	('1973-02-11','Peter','Schulz','2016-06-28 10:21:15','Peter.Schulz@mail.com','rot',160,'Ja','römisch-katholisch','männlich',111,NULL),
	('1986-01-15','Christopher','Reiter','2016-06-28 10:21:15','Christopher.Reiter@mail.com','blond',167,'Nein','römisch-orthodox','männlich',112,NULL),
	('1959-06-01','Benjamin','Bosch','2016-06-28 10:21:15','Benjamin.Bosch@mail.com','brünett',185,'Nein','römisch-orthodox','männlich',113,NULL),
	('1996-03-25','Christina','Bosch','2016-06-28 10:21:15','Christina.Bosch@mail.com','brünett',178,'Nein','römisch-orthodox','weiblich',114,NULL),
	('1968-03-07','Caroline','Schulz','2016-06-28 10:21:15','Caroline.Schulz@mail.com','blond',169,'Nein','evangelisch','weiblich',115,NULL),
	('1951-04-28','Florian','Schulz','2016-06-28 10:21:15','Florian.Schulz@mail.com','brünett',179,'Nein','römisch-orthodox','männlich',116,NULL),
	('1980-02-28','Lina','Müller','2016-06-28 10:21:15','Lina.Müller@mail.com','dunkel-blond',163,'Ja','römisch-katholisch','weiblich',117,NULL),
	('1993-11-01','Ulrike','Schulz','2016-06-28 10:21:15','Ulrike.Schulz@mail.com','brünett',183,'Nein','evangelisch','weiblich',118,NULL),
	('1975-09-26','Paul','Müller','2016-06-28 10:21:15','Paul.Müller@mail.com','rot',165,'Nein','evangelisch','männlich',119,NULL),
	('1980-10-12','Paul','Schulz','2016-06-28 10:21:15','Paul.Schulz@mail.com','brünett',165,'Ja','römisch-katholisch','männlich',120,NULL),
	('1981-04-13','Meike','Baumann','2016-06-28 10:21:15','Meike.Baumann@mail.com','schwarz',152,'Nein','römisch-katholisch','weiblich',121,NULL),
	('1982-09-07','Christina','Schulz','2016-06-28 10:21:15','Christina.Schulz@mail.com','dunkel-blond',166,'Nein','römisch-orthodox','weiblich',122,NULL),
	('1986-10-13','Florian','Müller','2016-06-28 10:21:15','Florian.Müller@mail.com','dunkel-blond',150,'Nein','muslimisch','männlich',123,NULL),
	('1952-02-20','Max','Baumann','2016-06-28 10:21:15','Max.Baumann@mail.com','rot',174,'Nein','muslimisch','männlich',124,NULL),
	('1998-11-01','Christopher','Reiter','2016-06-28 10:21:15','Christopher.Reiter@mail.com','schwarz',162,'Ja','jüdisch','männlich',125,NULL),
	('1992-06-08','Johannes','Schulz','2016-06-28 10:21:15','Johannes.Schulz@mail.com','blond',161,'Ja','jüdisch','männlich',126,NULL),
	('1979-06-17','Johannes','Baumann','2016-06-28 10:21:15','Johannes.Baumann@mail.com','rot',155,'Nein','römisch-katholisch','männlich',127,NULL),
	('1972-08-24','Ulrike','Bosch','2016-06-28 10:21:15','Ulrike.Bosch@mail.com','blond',166,'Ja','römisch-orthodox','weiblich',128,NULL),
	('1997-02-02','Paul','Bosch','2016-06-28 10:21:15','Paul.Bosch@mail.com','brünett',184,'Ja','römisch-orthodox','männlich',129,NULL),
	('1955-03-26','Daniel','Bosch','2016-06-28 10:21:15','Daniel.Bosch@mail.com','blond',159,'Ja','römisch-katholisch','männlich',130,NULL),
	('1981-02-07','Lina','Reiter','2016-06-28 10:21:15','Lina.Reiter@mail.com','rot',188,'Ja','evangelisch','weiblich',131,NULL),
	('1966-05-19','Benjamin','Schulz','2016-06-28 10:21:15','Benjamin.Schulz@mail.com','rot',150,'Nein','jüdisch','männlich',132,NULL),
	('1953-02-04','Nora','Müller','2016-06-28 10:21:15','Nora.Müller@mail.com','blond',171,'Nein','römisch-orthodox','weiblich',133,NULL),
	('1986-11-13','Johannes','Reiter','2016-06-28 10:21:15','Johannes.Reiter@mail.com','blond',161,'Ja','jüdisch','männlich',134,NULL),
	('1963-05-10','Benjamin','Schulz','2016-06-28 10:21:15','Benjamin.Schulz@mail.com','rot',163,'Nein','evangelisch','männlich',135,NULL),
	('1995-02-18','Meike','Müller','2016-06-28 10:21:15','Meike.Müller@mail.com','blond',159,'Ja','evangelisch','weiblich',136,NULL),
	('1993-09-18','Meike','Bosch','2016-06-28 10:21:15','Meike.Bosch@mail.com','dunkel-blond',188,'Nein','jüdisch','weiblich',137,NULL),
	('1994-04-08','Meike','Müller','2016-06-28 10:21:15','Meike.Müller@mail.com','rot',185,'Ja','römisch-katholisch','weiblich',138,NULL),
	('1979-08-27','Ulrike','Reiter','2016-06-28 10:21:15','Ulrike.Reiter@mail.com','schwarz',160,'Nein','evangelisch','weiblich',139,NULL),
	('1968-10-06','Petra','Bosch','2016-06-28 10:21:15','Petera.Bosch@mail.com','schwarz',169,'Ja','jüdisch','weiblich',140,'2016-06-30 14:55:32'),
	('1985-04-08','Caroline','Schulz','2016-06-28 10:21:15','Caroline.Schulz@mail.com','dunkel-blond',155,'Ja','jüdisch','weiblich',141,NULL),
	('1951-02-17','Florian','Bosch','2016-06-28 10:21:15','Florian.Bosch@mail.com','schwarz',189,'Nein','jüdisch','männlich',142,NULL),
	('1983-04-11','Nora','Schulz','2016-06-28 10:21:15','Nora.Schulz@mail.com','schwarz',155,'Nein','muslimisch','weiblich',143,NULL),
	('1965-09-08','Nora','Müller','2016-06-28 10:21:15','Nora.Müller@mail.com','brünett',164,'Nein','römisch-katholisch','weiblich',144,NULL),
	('1999-11-19','Olga','Bosch','2016-06-28 10:21:15','Olga.Bosch@mail.com','brünett',176,'Ja','römisch-orthodox','weiblich',145,NULL),
	('1962-07-15','Johannes','Bosch','2016-06-28 10:21:15','Johannes.Bosch@mail.com','dunkel-blond',167,'Ja','römisch-katholisch','männlich',146,NULL),
	('1994-10-02','Petra','Reiter','2016-06-28 10:21:15','Petera.Reiter@mail.com','blond',165,'Ja','evangelisch','weiblich',147,'2016-06-30 14:55:32'),
	('1981-01-07','Max','Schulz','2016-06-28 10:21:15','Max.Schulz@mail.com','dunkel-blond',169,'Nein','römisch-orthodox','männlich',148,NULL),
	('1977-07-29','Christina','Schulz','2016-06-28 10:21:15','Christina.Schulz@mail.com','rot',180,'Ja','muslimisch','weiblich',149,NULL),
	('1979-08-10','Paula','Schulz','2016-06-28 10:21:15','Paula.Schulz@mail.com','dunkel-blond',167,'Ja','römisch-katholisch','weiblich',150,NULL),
	('1993-09-03','Paul','Müller','2016-06-28 10:21:15','Paul.Müller@mail.com','blond',150,'Nein','römisch-orthodox','männlich',151,NULL),
	('1981-05-22','Christina','Reiter','2016-06-28 10:21:15','Christina.Reiter@mail.com','rot',161,'Ja','römisch-orthodox','weiblich',152,NULL),
	('1988-11-27','Peter','Bosch','2016-06-28 10:21:15','Peter.Bosch@mail.com','blond',184,'Nein','muslimisch','männlich',153,NULL),
	('1982-11-22','Peter','Baumann','2016-06-28 10:21:15','Peter.Baumann@mail.com','blond',182,'Ja','römisch-katholisch','männlich',154,NULL),
	('1968-01-16','Petra','Bosch','2016-06-28 10:21:15','Petera.Bosch@mail.com','schwarz',159,'Ja','römisch-orthodox','weiblich',155,'2016-06-30 14:55:32'),
	('1989-10-24','Christina','Schulz','2016-06-28 10:21:15','Christina.Schulz@mail.com','schwarz',163,'Ja','römisch-orthodox','weiblich',156,NULL),
	('1956-01-09','Petra','Reiter','2016-06-28 10:21:15','Petera.Reiter@mail.com','brünett',157,'Nein','römisch-orthodox','weiblich',157,'2016-06-30 14:55:32'),
	('1973-05-08','Paul','Müller','2016-06-28 10:21:15','Paul.Müller@mail.com','blond',172,'Ja','römisch-katholisch','männlich',158,NULL),
	('1969-01-01','Johannes','Müller','2016-06-28 10:21:15','Johannes.Müller@mail.com','schwarz',176,'Ja','jüdisch','männlich',159,NULL),
	('1972-07-26','Max','Bosch','2016-06-28 10:21:15','Max.Bosch@mail.com','brünett',169,'Nein','jüdisch','männlich',160,NULL),
	('1995-03-13','Lina','Reiter','2016-06-28 10:21:15','Lina.Reiter@mail.com','brünett',153,'Nein','römisch-orthodox','weiblich',161,NULL),
	('1967-10-19','Benjamin','Schulz','2016-06-28 10:21:15','Benjamin.Schulz@mail.com','brünett',154,'Nein','jüdisch','männlich',162,NULL),
	('1975-06-11','Nora','Schulz','2016-06-28 10:21:15','Nora.Schulz@mail.com','schwarz',178,'Ja','römisch-katholisch','weiblich',163,NULL),
	('1966-06-24','Paul','Müller','2016-06-28 10:21:15','Paul.Müller@mail.com','blond',187,'Ja','römisch-katholisch','männlich',164,NULL),
	('1999-11-01','Max','Reiter','2016-06-28 10:21:15','Max.Reiter@mail.com','rot',167,'Ja','jüdisch','männlich',165,NULL),
	('1953-07-22','Lina','Reiter','2016-06-28 10:21:15','Lina.Reiter@mail.com','schwarz',168,'Ja','jüdisch','weiblich',166,NULL),
	('1993-10-02','Peter','Baumann','2016-06-28 10:21:15','Peter.Baumann@mail.com','dunkel-blond',150,'Nein','römisch-katholisch','männlich',167,NULL),
	('1968-08-22','Christopher','Müller','2016-06-28 10:21:15','Christopher.Müller@mail.com','brünett',161,'Nein','römisch-katholisch','männlich',168,NULL),
	('1966-04-24','Caroline','Schulz','2016-06-28 10:21:15','Caroline.Schulz@mail.com','blond',158,'Ja','römisch-orthodox','weiblich',169,NULL),
	('1995-04-18','Christopher','Reiter','2016-06-28 10:21:15','Christopher.Reiter@mail.com','blond',159,'Ja','evangelisch','männlich',170,NULL),
	('1953-09-05','Petra','Bosch','2016-06-28 10:21:15','Petera.Bosch@mail.com','schwarz',171,'Ja','evangelisch','weiblich',171,'2016-06-30 14:55:32'),
	('1954-09-20','Johannes','Müller','2016-06-28 10:21:15','Johannes.Müller@mail.com','brünett',189,'Ja','jüdisch','männlich',172,NULL),
	('1963-07-12','Paula','Schulz','2016-06-28 10:21:15','Paula.Schulz@mail.com','brünett',159,'Nein','römisch-katholisch','weiblich',173,NULL),
	('1981-02-19','Caroline','Müller','2016-06-28 10:21:15','Caroline.Müller@mail.com','dunkel-blond',159,'Nein','römisch-katholisch','weiblich',174,NULL),
	('1970-09-21','Christina','Schulz','2016-06-28 10:21:15','Christina.Schulz@mail.com','schwarz',162,'Ja','römisch-katholisch','weiblich',175,NULL),
	('1951-05-12','Olga','Schulz','2016-06-28 10:21:15','Olga.Schulz@mail.com','schwarz',173,'Nein','evangelisch','weiblich',176,NULL),
	('1980-06-01','Christopher','Baumann','2016-06-28 10:21:15','Christopher.Baumann@mail.com','blond',171,'Ja','römisch-katholisch','männlich',177,NULL),
	('1979-08-13','Paula','Reiter','2016-06-28 10:21:15','Paula.Reiter@mail.com','schwarz',161,'Ja','jüdisch','weiblich',178,NULL),
	('1950-03-29','Christopher','Schulz','2016-06-28 10:21:15','Christopher.Schulz@mail.com','blond',181,'Nein','römisch-katholisch','männlich',179,NULL),
	('1997-11-01','Paula','Reiter','2016-06-28 10:21:15','Paula.Reiter@mail.com','brünett',188,'Nein','evangelisch','weiblich',180,NULL),
	('1960-08-06','Christopher','Reiter','2016-06-28 10:21:15','Christopher.Reiter@mail.com','blond',186,'Ja','römisch-orthodox','männlich',181,NULL),
	('1971-04-01','Florian','Baumann','2016-06-28 10:21:15','Florian.Baumann@mail.com','rot',173,'Nein','muslimisch','männlich',182,NULL),
	('1967-03-01','Max','Baumann','2016-06-28 10:21:15','Max.Baumann@mail.com','dunkel-blond',186,'Ja','römisch-katholisch','männlich',183,NULL),
	('1993-06-08','Olga','Schulz','2016-06-28 10:21:15','Olga.Schulz@mail.com','schwarz',169,'Ja','jüdisch','weiblich',184,NULL),
	('1974-07-16','Meike','Baumann','2016-06-28 10:21:15','Meike.Baumann@mail.com','schwarz',189,'Nein','römisch-katholisch','weiblich',185,NULL),
	('1968-06-14','Peter','Müller','2016-06-28 10:21:15','Peter.Müller@mail.com','blond',171,'Nein','evangelisch','männlich',186,NULL),
	('1977-03-01','Nora','Reiter','2016-06-28 10:21:15','Nora.Reiter@mail.com','brünett',172,'Nein','muslimisch','weiblich',187,NULL),
	('1955-03-11','Nora','Müller','2016-06-28 10:21:15','Nora.Müller@mail.com','brünett',181,'Ja','muslimisch','weiblich',188,NULL),
	('1956-02-13','Johannes','Schulz','2016-06-28 10:21:15','Johannes.Schulz@mail.com','dunkel-blond',188,'Ja','muslimisch','männlich',189,NULL),
	('1962-03-09','Florian','Reiter','2016-06-28 10:21:15','Florian.Reiter@mail.com','brünett',157,'Ja','muslimisch','männlich',190,NULL),
	('1967-04-21','Christina','Bosch','2016-06-28 10:21:15','Christina.Bosch@mail.com','dunkel-blond',154,'Ja','jüdisch','weiblich',191,NULL),
	('1982-07-03','Johannes','Reiter','2016-06-28 10:21:15','Johannes.Reiter@mail.com','schwarz',169,'Ja','evangelisch','männlich',192,NULL),
	('1963-10-14','Nora','Müller','2016-06-28 10:21:15','Nora.Müller@mail.com','rot',151,'Nein','jüdisch','weiblich',193,NULL),
	('1996-08-05','Ulrike','Müller','2016-06-28 10:21:15','Ulrike.Müller@mail.com','blond',154,'Ja','evangelisch','weiblich',194,NULL),
	('1986-02-06','Lina','Müller','2016-06-28 10:21:15','Lina.Müller@mail.com','schwarz',173,'Ja','römisch-orthodox','weiblich',195,NULL),
	('1983-05-23','Benjamin','Schulz','2016-06-28 10:21:15','Benjamin.Schulz@mail.com','blond',172,'Ja','jüdisch','männlich',196,NULL),
	('1977-11-28','Olga','Müller','2016-06-28 10:21:15','Olga.Müller@mail.com','dunkel-blond',151,'Nein','muslimisch','weiblich',197,NULL),
	('1998-04-28','Paul','Bosch','2016-06-28 10:21:15','Paul.Bosch@mail.com','schwarz',180,'Nein','römisch-orthodox','männlich',198,NULL),
	('1979-09-06','Paul','Reiter','2016-06-28 10:21:15','Paul.Reiter@mail.com','dunkel-blond',189,'Ja','evangelisch','männlich',199,NULL),
	('1963-09-13','Christina','Müller','2016-06-28 10:21:15','Christina.Müller@mail.com','dunkel-blond',184,'Ja','evangelisch','weiblich',200,NULL),
	('1949-01-25','Peter','Müller','2016-06-28 10:21:15','Peter.Müller@mail.com','brünett',173,'Ja','jüdisch','männlich',201,NULL),
	('1987-08-14','Peter','Schulz','2016-06-28 10:21:15','Peter.Schulz@mail.com','schwarz',154,'Ja','römisch-orthodox','männlich',202,NULL),
	('1996-09-08','Petra','Reiter','2016-06-28 10:21:15','Petera.Reiter@mail.com','blond',170,'Ja','römisch-orthodox','weiblich',203,'2016-06-30 14:55:32'),
	('1997-11-24','Lina','Bosch','2016-06-28 10:21:15','Lina.Bosch@mail.com','schwarz',157,'Ja','muslimisch','weiblich',204,NULL),
	('1951-08-23','Paula','Baumann','2016-06-28 10:21:15','Paula.Baumann@mail.com','rot',161,'Nein','römisch-orthodox','weiblich',205,NULL),
	('1984-09-07','Florian','Bosch','2016-06-28 10:21:15','Florian.Bosch@mail.com','schwarz',174,'Nein','römisch-orthodox','männlich',206,NULL),
	('1970-03-12','Florian','Bosch','2016-06-28 10:21:15','Florian.Bosch@mail.com','brünett',150,'Ja','römisch-katholisch','männlich',207,NULL),
	('1963-07-15','Ulrike','Reiter','2016-06-28 10:21:15','Ulrike.Reiter@mail.com','rot',187,'Ja','muslimisch','weiblich',208,NULL),
	('1964-10-15','Benjamin','Schulz','2016-06-28 10:21:15','Benjamin.Schulz@mail.com','brünett',171,'Ja','muslimisch','männlich',209,NULL),
	('1986-07-03','Paul','Müller','2016-06-28 10:21:15','Paul.Müller@mail.com','schwarz',159,'Nein','muslimisch','männlich',210,NULL),
	('1964-07-21','Johannes','Schulz','2016-06-28 10:21:15','Johannes.Schulz@mail.com','blond',169,'Nein','römisch-katholisch','männlich',211,NULL),
	('1964-11-10','Paul','Reiter','2016-06-28 10:21:15','Paul.Reiter@mail.com','rot',180,'Ja','muslimisch','männlich',212,NULL),
	('1957-03-22','Johannes','Baumann','2016-06-28 10:21:15','Johannes.Baumann@mail.com','schwarz',165,'Nein','römisch-orthodox','männlich',213,NULL),
	('1994-08-01','Caroline','Bosch','2016-06-28 10:21:15','Caroline.Bosch@mail.com','schwarz',166,'Nein','römisch-katholisch','weiblich',214,NULL),
	('1986-03-09','Paul','Müller','2016-06-28 10:21:15','Paul.Müller@mail.com','schwarz',172,'Nein','römisch-katholisch','männlich',215,NULL),
	('1973-01-20','Daniel','Schulz','2016-06-28 10:21:15','Daniel.Schulz@mail.com','rot',150,'Ja','römisch-katholisch','männlich',216,NULL),
	('1979-08-13','Daniel','Baumann','2016-06-28 10:21:15','Daniel.Baumann@mail.com','dunkel-blond',150,'Ja','evangelisch','männlich',217,NULL),
	('1970-03-03','Meike','Reiter','2016-06-28 10:21:15','Meike.Reiter@mail.com','blond',188,'Nein','muslimisch','weiblich',218,NULL),
	('1997-09-28','Olga','Baumann','2016-06-28 10:21:16','Olga.Baumann@mail.com','schwarz',182,'Ja','evangelisch','weiblich',219,NULL),
	('1991-06-23','Paul','Müller','2016-06-28 10:21:16','Paul.Müller@mail.com','schwarz',156,'Nein','evangelisch','männlich',220,NULL),
	('1974-10-04','Daniel','Bosch','2016-06-28 10:21:16','Daniel.Bosch@mail.com','rot',183,'Nein','evangelisch','männlich',221,NULL),
	('1966-06-22','Peter','Reiter','2016-06-28 10:21:16','Peter.Reiter@mail.com','dunkel-blond',178,'Ja','römisch-katholisch','männlich',222,NULL),
	('1959-01-14','Christopher','Bosch','2016-06-28 10:21:16','Christopher.Bosch@mail.com','schwarz',152,'Ja','römisch-orthodox','männlich',223,NULL),
	('1952-03-05','Olga','Schulz','2016-06-28 10:21:16','Olga.Schulz@mail.com','schwarz',157,'Ja','muslimisch','weiblich',224,NULL),
	('1951-07-16','Ulrike','Baumann','2016-06-28 10:21:16','Ulrike.Baumann@mail.com','blond',153,'Nein','muslimisch','weiblich',225,NULL),
	('1980-05-14','Christina','Bosch','2016-06-28 10:21:16','Christina.Bosch@mail.com','schwarz',167,'Ja','evangelisch','weiblich',226,NULL),
	('1967-01-27','Paul','Reiter','2016-06-28 10:21:16','Paul.Reiter@mail.com','dunkel-blond',155,'Ja','römisch-katholisch','männlich',227,NULL),
	('1958-08-12','Florian','Müller','2016-06-28 10:21:16','Florian.Müller@mail.com','schwarz',170,'Ja','römisch-katholisch','männlich',228,NULL),
	('1999-07-07','Christina','Müller','2016-06-28 10:21:16','Christina.Müller@mail.com','schwarz',180,'Nein','jüdisch','weiblich',229,NULL),
	('1999-11-26','Johannes','Bosch','2016-06-28 10:21:16','Johannes.Bosch@mail.com','brünett',156,'Nein','jüdisch','männlich',230,NULL),
	('1979-07-05','Lina','Baumann','2016-06-28 10:21:16','Lina.Baumann@mail.com','schwarz',176,'Ja','evangelisch','weiblich',231,NULL),
	('1985-11-29','Florian','Baumann','2016-06-28 10:21:16','Florian.Baumann@mail.com','schwarz',155,'Ja','evangelisch','männlich',232,NULL),
	('1987-04-05','Petra','Müller','2016-06-28 10:21:16','Petera.Müller@mail.com','schwarz',160,'Nein','römisch-orthodox','weiblich',233,'2016-06-30 14:55:32'),
	('1990-06-18','Florian','Bosch','2016-06-28 10:21:16','Florian.Bosch@mail.com','schwarz',186,'Nein','römisch-orthodox','männlich',234,NULL),
	('1991-08-29','Florian','Bosch','2016-06-28 10:21:16','Florian.Bosch@mail.com','dunkel-blond',174,'Nein','evangelisch','männlich',235,NULL),
	('1983-10-12','Meike','Schulz','2016-06-28 10:21:16','Meike.Schulz@mail.com','schwarz',162,'Ja','muslimisch','weiblich',236,NULL),
	('1958-07-04','Olga','Baumann','2016-06-28 10:21:16','Olga.Baumann@mail.com','brünett',159,'Ja','evangelisch','weiblich',237,NULL),
	('1968-05-29','Johannes','Reiter','2016-06-28 10:21:16','Johannes.Reiter@mail.com','rot',185,'Nein','römisch-katholisch','männlich',238,NULL),
	('1957-09-27','Florian','Reiter','2016-06-28 10:21:16','Florian.Reiter@mail.com','dunkel-blond',151,'Nein','römisch-orthodox','männlich',239,NULL),
	('1953-09-18','Max','Baumann','2016-06-28 10:21:16','Max.Baumann@mail.com','brünett',166,'Nein','muslimisch','männlich',240,NULL),
	('1958-05-24','Peter','Bosch','2016-06-28 10:21:16','Peter.Bosch@mail.com','schwarz',160,'Nein','jüdisch','männlich',241,NULL),
	('1992-09-20','Johannes','Müller','2016-06-28 10:21:16','Johannes.Müller@mail.com','blond',178,'Nein','muslimisch','männlich',242,NULL),
	('1978-05-27','Peter','Müller','2016-06-28 10:21:16','Peter.Müller@mail.com','schwarz',171,'Nein','römisch-orthodox','männlich',243,NULL),
	('1986-08-05','Florian','Müller','2016-06-28 10:21:16','Florian.Müller@mail.com','dunkel-blond',183,'Ja','evangelisch','männlich',244,NULL),
	('1994-10-20','Max','Müller','2016-06-28 10:21:16','Max.Müller@mail.com','rot',156,'Ja','evangelisch','männlich',245,NULL),
	('1990-07-07','Paul','Bosch','2016-06-28 10:21:16','Paul.Bosch@mail.com','brünett',157,'Ja','muslimisch','männlich',246,NULL),
	('1958-04-13','Florian','Bosch','2016-06-28 10:21:16','Florian.Bosch@mail.com','schwarz',161,'Ja','evangelisch','männlich',247,NULL),
	('1971-01-15','Christopher','Bosch','2016-06-28 10:21:16','Christopher.Bosch@mail.com','blond',152,'Nein','evangelisch','männlich',248,NULL),
	('1999-07-18','Christopher','Baumann','2016-06-28 10:21:16','Christopher.Baumann@mail.com','rot',180,'Ja','römisch-orthodox','männlich',249,NULL),
	('1996-09-12','Christina','Reiter','2016-06-28 10:21:16','Christina.Reiter@mail.com','rot',178,'Ja','evangelisch','weiblich',250,NULL),
	('1990-06-06','Daniel','Bosch','2016-06-28 10:21:16','Daniel.Bosch@mail.com','schwarz',172,'Ja','evangelisch','männlich',251,NULL),
	('1959-06-17','Petra','Reiter','2016-06-28 10:21:16','Petera.Reiter@mail.com','dunkel-blond',183,'Ja','jüdisch','weiblich',252,'2016-06-30 14:55:32'),
	('1957-03-05','Johannes','Baumann','2016-06-28 10:21:16','Johannes.Baumann@mail.com','schwarz',183,'Nein','römisch-katholisch','männlich',253,NULL),
	('1977-06-13','Johannes','Baumann','2016-06-28 10:21:16','Johannes.Baumann@mail.com','dunkel-blond',163,'Ja','muslimisch','männlich',254,NULL),
	('1953-04-29','Paula','Baumann','2016-06-28 10:21:16','Paula.Baumann@mail.com','blond',171,'Nein','evangelisch','weiblich',255,NULL),
	('1957-04-28','Max','Müller','2016-06-28 10:21:16','Max.Müller@mail.com','brünett',158,'Nein','muslimisch','männlich',256,NULL),
	('1973-05-20','Petra','Schulz','2016-06-28 10:21:16','Petera.Schulz@mail.com','blond',176,'Ja','römisch-orthodox','weiblich',257,'2016-06-30 14:55:32'),
	('1970-04-08','Nora','Müller','2016-06-28 10:21:16','Nora.Müller@mail.com','blond',184,'Nein','evangelisch','weiblich',258,NULL),
	('1975-04-11','Christina','Müller','2016-06-28 10:21:16','Christina.Müller@mail.com','brünett',151,'Ja','muslimisch','weiblich',259,NULL),
	('1981-03-02','Paul','Müller','2016-06-28 10:21:16','Paul.Müller@mail.com','dunkel-blond',180,'Nein','römisch-orthodox','männlich',260,NULL),
	('1962-06-08','Johannes','Reiter','2016-06-28 10:21:16','Johannes.Reiter@mail.com','brünett',157,'Ja','römisch-orthodox','männlich',261,NULL),
	('1974-05-24','Christopher','Bosch','2016-06-28 10:21:16','Christopher.Bosch@mail.com','blond',160,'Nein','jüdisch','männlich',262,NULL),
	('1992-11-09','Benjamin','Bosch','2016-06-28 10:21:16','Benjamin.Bosch@mail.com','schwarz',160,'Nein','römisch-katholisch','männlich',263,NULL),
	('1964-08-27','Christina','Schulz','2016-06-28 10:21:16','Christina.Schulz@mail.com','dunkel-blond',187,'Nein','muslimisch','weiblich',264,NULL),
	('1994-03-01','Benjamin','Müller','2016-06-28 10:21:16','Benjamin.Müller@mail.com','blond',152,'Ja','jüdisch','männlich',265,NULL),
	('1996-05-20','Lina','Baumann','2016-06-28 10:21:16','Lina.Baumann@mail.com','rot',182,'Ja','römisch-orthodox','weiblich',266,NULL),
	('1981-01-14','Christopher','Baumann','2016-06-28 10:21:16','Christopher.Baumann@mail.com','brünett',167,'Ja','jüdisch','männlich',267,NULL),
	('1984-10-14','Daniel','Bosch','2016-06-28 10:21:16','Daniel.Bosch@mail.com','blond',171,'Nein','römisch-orthodox','männlich',268,NULL),
	('1976-08-17','Max','Schulz','2016-06-28 10:21:16','Max.Schulz@mail.com','dunkel-blond',169,'Ja','römisch-orthodox','männlich',269,NULL),
	('1950-01-18','Benjamin','Reiter','2016-06-28 10:21:16','Benjamin.Reiter@mail.com','rot',184,'Ja','evangelisch','männlich',270,NULL),
	('1986-01-12','Christina','Reiter','2016-06-28 10:21:16','Christina.Reiter@mail.com','blond',172,'Nein','evangelisch','weiblich',271,NULL),
	('1977-10-04','Daniel','Müller','2016-06-28 10:21:16','Daniel.Müller@mail.com','rot',181,'Nein','muslimisch','männlich',272,NULL),
	('1997-04-02','Christopher','Bosch','2016-06-28 10:21:16','Christopher.Bosch@mail.com','rot',169,'Nein','jüdisch','männlich',273,NULL),
	('1959-07-06','Meike','Bosch','2016-06-28 10:21:16','Meike.Bosch@mail.com','schwarz',177,'Ja','jüdisch','weiblich',274,NULL),
	('1952-03-16','Christopher','Müller','2016-06-28 10:21:16','Christopher.Müller@mail.com','dunkel-blond',184,'Ja','römisch-orthodox','männlich',275,NULL),
	('1985-02-10','Lina','Müller','2016-06-28 10:21:16','Lina.Müller@mail.com','blond',168,'Nein','evangelisch','weiblich',276,NULL),
	('1997-08-22','Johannes','Baumann','2016-06-28 10:21:16','Johannes.Baumann@mail.com','dunkel-blond',175,'Nein','muslimisch','männlich',277,NULL),
	('1985-10-28','Paul','Reiter','2016-06-28 10:21:16','Paul.Reiter@mail.com','dunkel-blond',175,'Ja','römisch-orthodox','männlich',278,NULL),
	('1994-03-12','Benjamin','Baumann','2016-06-28 10:21:16','Benjamin.Baumann@mail.com','blond',164,'Nein','evangelisch','männlich',279,NULL),
	('1988-06-04','Caroline','Müller','2016-06-28 10:21:16','Caroline.Müller@mail.com','brünett',158,'Nein','jüdisch','weiblich',280,NULL),
	('1959-06-26','Petra','Schulz','2016-06-28 10:21:16','Petera.Schulz@mail.com','schwarz',150,'Ja','römisch-orthodox','weiblich',281,'2016-06-30 14:55:32'),
	('1967-03-27','Christina','Reiter','2016-06-28 10:21:16','Christina.Reiter@mail.com','brünett',164,'Nein','jüdisch','weiblich',282,NULL),
	('1949-03-04','Paula','Reiter','2016-06-28 10:21:16','Paula.Reiter@mail.com','rot',183,'Nein','römisch-orthodox','weiblich',283,NULL),
	('1992-05-29','Caroline','Baumann','2016-06-28 10:21:16','Caroline.Baumann@mail.com','rot',159,'Ja','römisch-orthodox','weiblich',284,NULL),
	('1971-03-09','Olga','Müller','2016-06-28 10:21:16','Olga.Müller@mail.com','rot',180,'Ja','römisch-katholisch','weiblich',285,NULL),
	('1970-02-18','Lina','Bosch','2016-06-28 10:21:16','Lina.Bosch@mail.com','dunkel-blond',177,'Nein','römisch-orthodox','weiblich',286,NULL),
	('1981-03-11','Petra','Schulz','2016-06-28 10:21:16','Petera.Schulz@mail.com','brünett',170,'Ja','evangelisch','weiblich',287,'2016-06-30 14:55:32'),
	('1999-09-01','Lina','Baumann','2016-06-28 10:21:16','Lina.Baumann@mail.com','rot',155,'Nein','evangelisch','weiblich',288,NULL),
	('1976-06-04','Caroline','Bosch','2016-06-28 10:21:16','Caroline.Bosch@mail.com','rot',163,'Nein','römisch-katholisch','weiblich',289,NULL),
	('1990-11-03','Nora','Müller','2016-06-28 10:21:16','Nora.Müller@mail.com','schwarz',165,'Nein','muslimisch','weiblich',290,NULL),
	('1978-09-15','Paul','Schulz','2016-06-28 10:21:16','Paul.Schulz@mail.com','rot',167,'Ja','römisch-katholisch','männlich',291,NULL),
	('1965-01-10','Christopher','Reiter','2016-06-28 10:21:16','Christopher.Reiter@mail.com','schwarz',171,'Nein','römisch-orthodox','männlich',292,NULL),
	('1956-04-16','Lina','Bosch','2016-06-28 10:21:16','Lina.Bosch@mail.com','rot',171,'Ja','jüdisch','weiblich',293,NULL),
	('1990-05-13','Christina','Bosch','2016-06-28 10:21:16','Christina.Bosch@mail.com','rot',153,'Nein','jüdisch','weiblich',294,NULL),
	('1995-04-10','Petra','Schulz','2016-06-28 10:21:16','Petera.Schulz@mail.com','dunkel-blond',173,'Nein','jüdisch','weiblich',295,'2016-06-30 14:55:32'),
	('1966-04-05','Paul','Reiter','2016-06-28 10:21:16','Paul.Reiter@mail.com','brünett',151,'Nein','römisch-katholisch','männlich',296,NULL),
	('1953-03-22','Paula','Baumann','2016-06-28 10:21:16','Paula.Baumann@mail.com','dunkel-blond',164,'Ja','jüdisch','weiblich',297,NULL),
	('1953-11-28','Peter','Müller','2016-06-28 10:21:16','Peter.Müller@mail.com','brünett',150,'Ja','römisch-katholisch','männlich',298,NULL),
	('1962-04-27','Peter','Reiter','2016-06-28 10:21:16','Peter.Reiter@mail.com','schwarz',164,'Ja','jüdisch','männlich',299,NULL),
	('1991-03-25','Christopher','Bosch','2016-06-28 10:21:16','Christopher.Bosch@mail.com','brünett',153,'Nein','römisch-katholisch','männlich',300,NULL),
	('1950-08-09','Max','Müller','2016-06-28 10:21:16','Max.Müller@mail.com','schwarz',184,'Nein','römisch-katholisch','männlich',301,NULL),
	('1971-02-24','Christopher','Baumann','2016-06-28 10:21:16','Christopher.Baumann@mail.com','rot',173,'Ja','römisch-orthodox','männlich',302,NULL),
	('1949-04-06','Caroline','Reiter','2016-06-28 10:21:16','Caroline.Reiter@mail.com','blond',166,'Ja','evangelisch','weiblich',303,NULL),
	('1951-06-25','Christina','Baumann','2016-06-28 10:21:16','Christina.Baumann@mail.com','brünett',168,'Ja','jüdisch','weiblich',304,NULL),
	('1991-06-04','Daniel','Reiter','2016-06-28 10:21:16','Daniel.Reiter@mail.com','blond',182,'Nein','römisch-orthodox','männlich',305,NULL),
	('1971-01-13','Christopher','Reiter','2016-06-28 10:21:16','Christopher.Reiter@mail.com','brünett',164,'Nein','evangelisch','männlich',306,NULL),
	('1969-11-01','Daniel','Schulz','2016-06-28 10:21:16','Daniel.Schulz@mail.com','schwarz',179,'Ja','muslimisch','männlich',307,NULL),
	('1973-11-03','Meike','Reiter','2016-06-28 10:21:16','Meike.Reiter@mail.com','dunkel-blond',157,'Ja','evangelisch','weiblich',308,NULL),
	('1973-05-24','Caroline','Bosch','2016-06-28 10:21:16','Caroline.Bosch@mail.com','blond',151,'Nein','römisch-orthodox','weiblich',309,NULL),
	('1973-04-14','Christina','Müller','2016-06-28 10:21:16','Christina.Müller@mail.com','dunkel-blond',183,'Ja','römisch-katholisch','weiblich',310,NULL),
	('1995-05-04','Ulrike','Baumann','2016-06-28 10:21:16','Ulrike.Baumann@mail.com','brünett',186,'Ja','jüdisch','weiblich',311,NULL),
	('1993-09-22','Ulrike','Bosch','2016-06-28 10:21:16','Ulrike.Bosch@mail.com','brünett',184,'Nein','römisch-orthodox','weiblich',312,NULL),
	('1972-04-10','Johannes','Baumann','2016-06-28 10:21:16','Johannes.Baumann@mail.com','schwarz',156,'Nein','römisch-orthodox','männlich',313,NULL),
	('1985-09-27','Christina','Baumann','2016-06-28 10:21:16','Christina.Baumann@mail.com','schwarz',179,'Ja','muslimisch','weiblich',314,NULL),
	('1979-10-18','Paula','Müller','2016-06-28 10:21:16','Paula.Müller@mail.com','dunkel-blond',158,'Nein','jüdisch','weiblich',315,NULL),
	('1995-08-20','Daniel','Müller','2016-06-28 10:21:16','Daniel.Müller@mail.com','blond',179,'Ja','muslimisch','männlich',316,NULL),
	('1953-06-08','Christina','Baumann','2016-06-28 10:21:16','Christina.Baumann@mail.com','dunkel-blond',181,'Nein','römisch-katholisch','weiblich',317,NULL),
	('1984-05-12','Nora','Baumann','2016-06-28 10:21:16','Nora.Baumann@mail.com','rot',163,'Nein','römisch-katholisch','weiblich',318,NULL),
	('1993-08-13','Max','Reiter','2016-06-28 10:21:16','Max.Reiter@mail.com','schwarz',182,'Nein','jüdisch','männlich',319,NULL),
	('1949-10-14','Caroline','Baumann','2016-06-28 10:21:16','Caroline.Baumann@mail.com','brünett',180,'Nein','jüdisch','weiblich',320,NULL),
	('1951-03-11','Christopher','Bosch','2016-06-28 10:21:16','Christopher.Bosch@mail.com','dunkel-blond',162,'Nein','römisch-orthodox','männlich',321,NULL),
	('1975-08-16','Christina','Baumann','2016-06-28 10:21:16','Christina.Baumann@mail.com','schwarz',183,'Nein','evangelisch','weiblich',322,NULL),
	('1967-10-07','Johannes','Baumann','2016-06-28 10:21:16','Johannes.Baumann@mail.com','brünett',155,'Nein','muslimisch','männlich',323,NULL),
	('1999-02-19','Johannes','Müller','2016-06-28 10:21:16','Johannes.Müller@mail.com','schwarz',174,'Nein','evangelisch','männlich',324,NULL),
	('1984-01-28','Max','Baumann','2016-06-28 10:21:16','Max.Baumann@mail.com','blond',165,'Ja','römisch-orthodox','männlich',325,NULL),
	('1953-07-23','Florian','Reiter','2016-06-28 10:21:16','Florian.Reiter@mail.com','brünett',167,'Nein','jüdisch','männlich',326,NULL),
	('1986-11-15','Johannes','Reiter','2016-06-28 10:21:16','Johannes.Reiter@mail.com','brünett',150,'Nein','römisch-orthodox','männlich',327,NULL),
	('1979-06-18','Benjamin','Bosch','2016-06-28 10:21:16','Benjamin.Bosch@mail.com','brünett',152,'Ja','evangelisch','männlich',328,NULL),
	('1999-04-29','Meike','Müller','2016-06-28 10:21:16','Meike.Müller@mail.com','dunkel-blond',189,'Ja','römisch-katholisch','weiblich',329,NULL),
	('1986-07-08','Christopher','Reiter','2016-06-28 10:21:16','Christopher.Reiter@mail.com','blond',171,'Ja','evangelisch','männlich',330,NULL),
	('1993-01-09','Lina','Schulz','2016-06-28 10:21:16','Lina.Schulz@mail.com','blond',150,'Nein','römisch-katholisch','weiblich',331,NULL),
	('1982-04-21','Peter','Schulz','2016-06-28 10:21:16','Peter.Schulz@mail.com','blond',155,'Ja','jüdisch','männlich',332,NULL),
	('1965-11-17','Christopher','Reiter','2016-06-28 10:21:16','Christopher.Reiter@mail.com','rot',171,'Nein','römisch-katholisch','männlich',333,NULL),
	('1980-09-13','Paul','Müller','2016-06-28 10:21:16','Paul.Müller@mail.com','brünett',157,'Nein','römisch-katholisch','männlich',334,NULL),
	('1999-11-03','Lina','Reiter','2016-06-28 10:21:16','Lina.Reiter@mail.com','schwarz',188,'Ja','römisch-orthodox','weiblich',335,NULL),
	('1997-08-13','Max','Müller','2016-06-28 10:21:16','Max.Müller@mail.com','rot',160,'Nein','muslimisch','männlich',336,NULL),
	('1953-08-15','Daniel','Reiter','2016-06-28 10:21:16','Daniel.Reiter@mail.com','brünett',184,'Nein','römisch-katholisch','männlich',337,NULL),
	('1990-04-14','Lina','Schulz','2016-06-28 10:21:16','Lina.Schulz@mail.com','blond',165,'Ja','römisch-orthodox','weiblich',338,NULL),
	('1953-03-09','Christopher','Reiter','2016-06-28 10:21:16','Christopher.Reiter@mail.com','dunkel-blond',169,'Ja','evangelisch','männlich',339,NULL),
	('1964-09-24','Max','Müller','2016-06-28 10:21:16','Max.Müller@mail.com','brünett',166,'Nein','muslimisch','männlich',340,NULL),
	('1951-01-29','Benjamin','Baumann','2016-06-28 10:21:16','Benjamin.Baumann@mail.com','brünett',164,'Nein','evangelisch','männlich',341,NULL),
	('1958-08-08','Johannes','Müller','2016-06-28 10:21:16','Johannes.Müller@mail.com','schwarz',170,'Ja','muslimisch','männlich',342,NULL),
	('1967-05-18','Florian','Schulz','2016-06-28 10:21:16','Florian.Schulz@mail.com','rot',182,'Ja','evangelisch','männlich',343,NULL),
	('1958-04-03','Peter','Schulz','2016-06-28 10:21:16','Peter.Schulz@mail.com','blond',183,'Ja','römisch-katholisch','männlich',344,NULL),
	('1982-08-11','Max','Reiter','2016-06-28 10:21:16','Max.Reiter@mail.com','dunkel-blond',159,'Ja','römisch-katholisch','männlich',345,NULL),
	('1989-07-15','Meike','Schulz','2016-06-28 10:21:16','Meike.Schulz@mail.com','brünett',151,'Ja','jüdisch','weiblich',346,NULL),
	('1987-09-22','Meike','Bosch','2016-06-28 10:21:16','Meike.Bosch@mail.com','blond',154,'Ja','römisch-katholisch','weiblich',347,NULL),
	('1993-06-27','Peter','Baumann','2016-06-28 10:21:16','Peter.Baumann@mail.com','schwarz',163,'Ja','jüdisch','männlich',348,NULL),
	('1962-01-10','Max','Baumann','2016-06-28 10:21:16','Max.Baumann@mail.com','dunkel-blond',179,'Nein','römisch-katholisch','männlich',349,NULL),
	('1966-11-02','Olga','Baumann','2016-06-28 10:21:16','Olga.Baumann@mail.com','dunkel-blond',170,'Ja','römisch-orthodox','weiblich',350,NULL),
	('1966-10-16','Paula','Bosch','2016-06-28 10:21:16','Paula.Bosch@mail.com','schwarz',151,'Ja','muslimisch','weiblich',351,NULL),
	('1993-07-02','Christina','Reiter','2016-06-28 10:21:16','Christina.Reiter@mail.com','brünett',178,'Ja','jüdisch','weiblich',352,NULL),
	('1956-01-27','Petra','Schulz','2016-06-28 10:21:16','Petera.Schulz@mail.com','brünett',167,'Nein','evangelisch','weiblich',353,'2016-06-30 14:55:32'),
	('1988-07-20','Christina','Reiter','2016-06-28 10:21:16','Christina.Reiter@mail.com','dunkel-blond',157,'Ja','muslimisch','weiblich',354,NULL),
	('1956-02-26','Johannes','Müller','2016-06-28 10:21:16','Johannes.Müller@mail.com','blond',156,'Nein','römisch-katholisch','männlich',355,NULL),
	('1998-10-08','Paul','Müller','2016-06-28 10:21:16','Paul.Müller@mail.com','blond',166,'Nein','evangelisch','männlich',356,NULL),
	('1961-05-10','Lina','Schulz','2016-06-28 10:21:16','Lina.Schulz@mail.com','dunkel-blond',172,'Nein','römisch-orthodox','weiblich',357,NULL),
	('1949-11-05','Ulrike','Schulz','2016-06-28 10:21:16','Ulrike.Schulz@mail.com','brünett',185,'Nein','jüdisch','weiblich',358,NULL),
	('1961-01-19','Peter','Bosch','2016-06-28 10:21:16','Peter.Bosch@mail.com','dunkel-blond',163,'Ja','muslimisch','männlich',359,NULL),
	('1951-01-21','Christina','Reiter','2016-06-28 10:21:16','Christina.Reiter@mail.com','blond',165,'Ja','jüdisch','weiblich',360,NULL),
	('1954-08-12','Paul','Schulz','2016-06-28 10:21:16','Paul.Schulz@mail.com','brünett',178,'Nein','jüdisch','männlich',361,NULL),
	('1974-01-01','Nora','Schulz','2016-06-28 10:21:16','Nora.Schulz@mail.com','rot',173,'Nein','muslimisch','weiblich',362,NULL),
	('1986-09-13','Paul','Schulz','2016-06-28 10:21:16','Paul.Schulz@mail.com','blond',164,'Ja','römisch-katholisch','männlich',363,NULL),
	('1981-08-21','Nora','Baumann','2016-06-28 10:21:16','Nora.Baumann@mail.com','schwarz',178,'Ja','jüdisch','weiblich',364,NULL),
	('1987-05-01','Christina','Schulz','2016-06-28 10:21:16','Christina.Schulz@mail.com','schwarz',179,'Nein','römisch-katholisch','weiblich',365,NULL),
	('1976-01-27','Max','Reiter','2016-06-28 10:21:16','Max.Reiter@mail.com','blond',162,'Ja','evangelisch','männlich',366,NULL),
	('1974-04-05','Christina','Baumann','2016-06-28 10:21:16','Christina.Baumann@mail.com','brünett',151,'Nein','muslimisch','weiblich',367,NULL),
	('1974-02-22','Christina','Baumann','2016-06-28 10:21:16','Christina.Baumann@mail.com','blond',180,'Nein','muslimisch','weiblich',368,NULL),
	('1951-10-05','Paul','Reiter','2016-06-28 10:21:16','Paul.Reiter@mail.com','rot',174,'Ja','jüdisch','männlich',369,NULL),
	('1971-09-12','Daniel','Müller','2016-06-28 10:21:16','Daniel.Müller@mail.com','schwarz',177,'Ja','römisch-katholisch','männlich',370,NULL),
	('1954-02-15','Christopher','Müller','2016-06-28 10:21:16','Christopher.Müller@mail.com','rot',156,'Ja','römisch-orthodox','männlich',371,NULL),
	('1959-09-01','Paul','Müller','2016-06-28 10:21:16','Paul.Müller@mail.com','schwarz',188,'Nein','evangelisch','männlich',372,NULL),
	('1996-07-12','Petra','Bosch','2016-06-28 10:21:16','Petera.Bosch@mail.com','schwarz',181,'Nein','römisch-katholisch','weiblich',373,'2016-06-30 14:55:32'),
	('1990-05-22','Lina','Baumann','2016-06-28 10:21:16','Lina.Baumann@mail.com','blond',186,'Nein','muslimisch','weiblich',374,NULL),
	('1988-01-24','Lina','Bosch','2016-06-28 10:21:16','Lina.Bosch@mail.com','rot',165,'Nein','römisch-katholisch','weiblich',375,NULL),
	('1953-08-25','Caroline','Müller','2016-06-28 10:21:16','Caroline.Müller@mail.com','rot',171,'Nein','jüdisch','weiblich',376,NULL),
	('1994-01-19','Florian','Bosch','2016-06-28 10:21:16','Florian.Bosch@mail.com','dunkel-blond',183,'Nein','römisch-orthodox','männlich',377,NULL),
	('1999-10-17','Christina','Reiter','2016-06-28 10:21:16','Christina.Reiter@mail.com','schwarz',150,'Ja','römisch-orthodox','weiblich',378,NULL),
	('1968-11-20','Petra','Baumann','2016-06-28 10:21:16','Petera.Baumann@mail.com','blond',154,'Ja','muslimisch','weiblich',379,'2016-06-30 14:55:32'),
	('1965-09-08','Christina','Bosch','2016-06-28 10:21:16','Christina.Bosch@mail.com','schwarz',152,'Ja','römisch-orthodox','weiblich',380,NULL),
	('1953-10-15','Max','Müller','2016-06-28 10:21:16','Max.Müller@mail.com','rot',157,'Nein','römisch-katholisch','männlich',381,NULL),
	('1953-11-27','Nora','Reiter','2016-06-28 10:21:16','Nora.Reiter@mail.com','brünett',165,'Ja','römisch-orthodox','weiblich',382,NULL),
	('1979-02-09','Daniel','Reiter','2016-06-28 10:21:16','Daniel.Reiter@mail.com','schwarz',156,'Ja','jüdisch','männlich',383,NULL),
	('1957-08-13','Florian','Bosch','2016-06-28 10:21:16','Florian.Bosch@mail.com','brünett',165,'Ja','jüdisch','männlich',384,NULL),
	('1960-09-05','Caroline','Baumann','2016-06-28 10:21:16','Caroline.Baumann@mail.com','brünett',183,'Ja','muslimisch','weiblich',385,NULL),
	('1978-10-01','Lina','Bosch','2016-06-28 10:21:16','Lina.Bosch@mail.com','blond',160,'Nein','jüdisch','weiblich',386,NULL),
	('1952-04-11','Johannes','Bosch','2016-06-28 10:21:16','Johannes.Bosch@mail.com','rot',178,'Nein','muslimisch','männlich',387,NULL),
	('1950-10-24','Johannes','Baumann','2016-06-28 10:21:16','Johannes.Baumann@mail.com','blond',186,'Nein','römisch-orthodox','männlich',388,NULL),
	('1973-03-07','Florian','Müller','2016-06-28 10:21:16','Florian.Müller@mail.com','dunkel-blond',175,'Ja','römisch-orthodox','männlich',389,NULL),
	('1952-01-08','Paula','Müller','2016-06-28 10:21:16','Paula.Müller@mail.com','schwarz',183,'Ja','jüdisch','weiblich',390,NULL),
	('1969-01-02','Benjamin','Müller','2016-06-28 10:21:16','Benjamin.Müller@mail.com','brünett',181,'Nein','römisch-katholisch','männlich',391,NULL),
	('1986-03-01','Max','Müller','2016-06-28 10:21:16','Max.Müller@mail.com','blond',151,'Ja','muslimisch','männlich',392,NULL),
	('1973-08-07','Christina','Schulz','2016-06-28 10:21:16','Christina.Schulz@mail.com','rot',164,'Ja','römisch-orthodox','weiblich',393,NULL),
	('1949-05-15','Daniel','Baumann','2016-06-28 10:21:16','Daniel.Baumann@mail.com','dunkel-blond',155,'Nein','römisch-katholisch','männlich',394,NULL),
	('1989-06-26','Olga','Reiter','2016-06-28 10:21:16','Olga.Reiter@mail.com','brünett',166,'Ja','jüdisch','weiblich',395,NULL),
	('1998-01-24','Peter','Reiter','2016-06-28 10:21:16','Peter.Reiter@mail.com','brünett',165,'Ja','römisch-katholisch','männlich',396,NULL),
	('1991-03-25','Nora','Müller','2016-06-28 10:21:16','Nora.Müller@mail.com','blond',175,'Ja','römisch-katholisch','weiblich',397,NULL),
	('1974-01-03','Christina','Müller','2016-06-28 10:21:16','Christina.Müller@mail.com','schwarz',156,'Nein','römisch-orthodox','weiblich',398,NULL),
	('1950-08-27','Florian','Müller','2016-06-28 10:21:16','Florian.Müller@mail.com','schwarz',182,'Nein','römisch-katholisch','männlich',399,NULL),
	('1969-01-24','Christina','Schulz','2016-06-28 10:21:16','Christina.Schulz@mail.com','dunkel-blond',173,'Nein','jüdisch','weiblich',400,NULL),
	('1956-02-12','Max','Baumann','2016-06-28 10:21:16','Max.Baumann@mail.com','blond',153,'Ja','jüdisch','männlich',401,NULL),
	('1984-02-20','Olga','Bosch','2016-06-28 10:21:16','Olga.Bosch@mail.com','rot',154,'Nein','muslimisch','weiblich',402,NULL),
	('1967-04-07','Olga','Reiter','2016-06-28 10:21:16','Olga.Reiter@mail.com','dunkel-blond',156,'Nein','evangelisch','weiblich',403,NULL),
	('1985-04-11','Paula','Müller','2016-06-28 10:21:16','Paula.Müller@mail.com','rot',159,'Ja','römisch-orthodox','weiblich',404,NULL),
	('1966-03-24','Peter','Schulz','2016-06-28 10:21:16','Peter.Schulz@mail.com','dunkel-blond',154,'Ja','evangelisch','männlich',405,NULL),
	('1951-03-07','Peter','Müller','2016-06-28 10:21:16','Peter.Müller@mail.com','rot',159,'Ja','evangelisch','männlich',406,NULL),
	('1961-02-22','Johannes','Bosch','2016-06-28 10:21:16','Johannes.Bosch@mail.com','brünett',178,'Ja','römisch-katholisch','männlich',407,NULL),
	('1951-10-01','Florian','Reiter','2016-06-28 10:21:16','Florian.Reiter@mail.com','blond',163,'Nein','jüdisch','männlich',408,NULL),
	('1996-10-23','Paula','Schulz','2016-06-28 10:21:16','Paula.Schulz@mail.com','blond',179,'Nein','muslimisch','weiblich',409,NULL),
	('1979-04-06','Christina','Reiter','2016-06-28 10:21:16','Christina.Reiter@mail.com','dunkel-blond',171,'Nein','evangelisch','weiblich',410,NULL),
	('1975-04-03','Florian','Reiter','2016-06-28 10:21:16','Florian.Reiter@mail.com','schwarz',159,'Ja','römisch-katholisch','männlich',411,NULL),
	('1981-03-06','Daniel','Baumann','2016-06-28 10:21:16','Daniel.Baumann@mail.com','blond',154,'Ja','römisch-orthodox','männlich',412,NULL),
	('1955-07-08','Olga','Schulz','2016-06-28 10:21:16','Olga.Schulz@mail.com','rot',163,'Ja','römisch-orthodox','weiblich',413,NULL),
	('1995-11-25','Caroline','Müller','2016-06-28 10:21:16','Caroline.Müller@mail.com','dunkel-blond',173,'Ja','muslimisch','weiblich',414,NULL),
	('1984-01-21','Max','Schulz','2016-06-28 10:21:16','Max.Schulz@mail.com','rot',189,'Ja','jüdisch','männlich',415,NULL),
	('1955-06-15','Nora','Müller','2016-06-28 10:21:16','Nora.Müller@mail.com','schwarz',172,'Ja','jüdisch','weiblich',416,NULL),
	('1978-05-15','Florian','Schulz','2016-06-28 10:21:16','Florian.Schulz@mail.com','blond',172,'Ja','muslimisch','männlich',417,NULL),
	('1974-02-08','Florian','Baumann','2016-06-28 10:21:16','Florian.Baumann@mail.com','schwarz',184,'Ja','römisch-orthodox','männlich',418,NULL),
	('1963-05-06','Max','Reiter','2016-06-28 10:21:16','Max.Reiter@mail.com','dunkel-blond',164,'Ja','muslimisch','männlich',419,NULL),
	('1978-01-03','Christopher','Schulz','2016-06-28 10:21:16','Christopher.Schulz@mail.com','brünett',187,'Ja','römisch-orthodox','männlich',420,NULL),
	('1996-10-29','Ulrike','Reiter','2016-06-28 10:21:16','Ulrike.Reiter@mail.com','dunkel-blond',159,'Ja','muslimisch','weiblich',421,NULL),
	('1992-11-11','Olga','Bosch','2016-06-28 10:21:17','Olga.Bosch@mail.com','brünett',170,'Ja','evangelisch','weiblich',422,NULL),
	('1955-02-12','Petra','Reiter','2016-06-28 10:21:17','Petera.Reiter@mail.com','blond',164,'Nein','römisch-orthodox','weiblich',423,'2016-06-30 14:55:32'),
	('1970-09-17','Max','Müller','2016-06-28 10:21:17','Max.Müller@mail.com','rot',158,'Nein','römisch-katholisch','männlich',424,NULL),
	('1976-11-21','Peter','Reiter','2016-06-28 10:21:17','Peter.Reiter@mail.com','dunkel-blond',186,'Nein','muslimisch','männlich',425,NULL),
	('1953-04-02','Christopher','Baumann','2016-06-28 10:21:17','Christopher.Baumann@mail.com','schwarz',150,'Nein','jüdisch','männlich',426,NULL),
	('1961-05-29','Paul','Müller','2016-06-28 10:21:17','Paul.Müller@mail.com','schwarz',189,'Nein','jüdisch','männlich',427,NULL),
	('1968-01-09','Petra','Schulz','2016-06-28 10:21:17','Petera.Schulz@mail.com','dunkel-blond',189,'Ja','römisch-orthodox','weiblich',428,'2016-06-30 14:55:32'),
	('1964-07-01','Olga','Reiter','2016-06-28 10:21:17','Olga.Reiter@mail.com','blond',168,'Ja','muslimisch','weiblich',429,NULL),
	('1962-07-18','Benjamin','Bosch','2016-06-28 10:21:17','Benjamin.Bosch@mail.com','schwarz',162,'Ja','römisch-katholisch','männlich',430,NULL),
	('1971-01-28','Daniel','Reiter','2016-06-28 10:21:17','Daniel.Reiter@mail.com','brünett',185,'Nein','römisch-katholisch','männlich',431,NULL),
	('1989-04-04','Christina','Reiter','2016-06-28 10:21:17','Christina.Reiter@mail.com','blond',187,'Nein','römisch-katholisch','weiblich',432,NULL),
	('1967-05-18','Christina','Müller','2016-06-28 10:21:17','Christina.Müller@mail.com','rot',169,'Ja','römisch-katholisch','weiblich',433,NULL),
	('1989-05-25','Olga','Schulz','2016-06-28 10:21:17','Olga.Schulz@mail.com','brünett',176,'Nein','evangelisch','weiblich',434,NULL),
	('1958-11-19','Max','Baumann','2016-06-28 10:21:17','Max.Baumann@mail.com','schwarz',160,'Ja','jüdisch','männlich',435,NULL),
	('1959-01-09','Daniel','Baumann','2016-06-28 10:21:17','Daniel.Baumann@mail.com','rot',150,'Nein','evangelisch','männlich',436,NULL),
	('1985-01-29','Nora','Reiter','2016-06-28 10:21:17','Nora.Reiter@mail.com','rot',156,'Ja','muslimisch','weiblich',437,NULL),
	('1953-08-14','Nora','Müller','2016-06-28 10:21:17','Nora.Müller@mail.com','dunkel-blond',168,'Nein','römisch-orthodox','weiblich',438,NULL),
	('1967-11-25','Florian','Bosch','2016-06-28 10:21:17','Florian.Bosch@mail.com','dunkel-blond',170,'Ja','römisch-katholisch','männlich',439,NULL),
	('1997-03-10','Peter','Bosch','2016-06-28 10:21:17','Peter.Bosch@mail.com','brünett',159,'Ja','evangelisch','männlich',440,NULL),
	('1989-11-20','Petra','Bosch','2016-06-28 10:21:17','Petera.Bosch@mail.com','blond',155,'Nein','römisch-orthodox','weiblich',441,'2016-06-30 14:55:32'),
	('1972-10-17','Nora','Baumann','2016-06-28 10:21:17','Nora.Baumann@mail.com','dunkel-blond',171,'Nein','jüdisch','weiblich',442,NULL),
	('1999-11-01','Florian','Reiter','2016-06-28 10:21:17','Florian.Reiter@mail.com','dunkel-blond',185,'Ja','römisch-orthodox','männlich',443,NULL),
	('1969-04-23','Christopher','Bosch','2016-06-28 10:21:17','Christopher.Bosch@mail.com','dunkel-blond',184,'Nein','römisch-orthodox','männlich',444,NULL),
	('1997-11-04','Christopher','Müller','2016-06-28 10:21:17','Christopher.Müller@mail.com','blond',174,'Ja','römisch-orthodox','männlich',445,NULL),
	('1979-05-04','Max','Schulz','2016-06-28 10:21:17','Max.Schulz@mail.com','schwarz',154,'Ja','jüdisch','männlich',446,NULL),
	('1982-09-12','Johannes','Müller','2016-06-28 10:21:17','Johannes.Müller@mail.com','dunkel-blond',179,'Ja','römisch-orthodox','männlich',447,NULL),
	('1949-02-05','Christopher','Bosch','2016-06-28 10:21:17','Christopher.Bosch@mail.com','blond',152,'Nein','römisch-orthodox','männlich',448,NULL),
	('1990-10-15','Paula','Schulz','2016-06-28 10:21:17','Paula.Schulz@mail.com','schwarz',166,'Nein','römisch-katholisch','weiblich',449,NULL),
	('1996-10-19','Christopher','Müller','2016-06-28 10:21:17','Christopher.Müller@mail.com','brünett',164,'Ja','jüdisch','männlich',450,NULL),
	('1992-08-23','Olga','Reiter','2016-06-28 10:21:17','Olga.Reiter@mail.com','brünett',170,'Ja','römisch-katholisch','weiblich',451,NULL),
	('1949-03-27','Caroline','Bosch','2016-06-28 10:21:17','Caroline.Bosch@mail.com','dunkel-blond',160,'Nein','römisch-orthodox','weiblich',452,NULL),
	('1972-02-21','Ulrike','Bosch','2016-06-28 10:21:17','Ulrike.Bosch@mail.com','rot',187,'Ja','evangelisch','weiblich',453,NULL),
	('1988-05-21','Olga','Baumann','2016-06-28 10:21:17','Olga.Baumann@mail.com','dunkel-blond',178,'Ja','römisch-orthodox','weiblich',454,NULL),
	('1970-07-12','Lina','Baumann','2016-06-28 10:21:17','Lina.Baumann@mail.com','dunkel-blond',167,'Nein','evangelisch','weiblich',455,NULL),
	('1969-06-27','Meike','Schulz','2016-06-28 10:21:17','Meike.Schulz@mail.com','rot',160,'Nein','römisch-katholisch','weiblich',456,NULL),
	('1962-06-28','Max','Schulz','2016-06-28 10:21:17','Max.Schulz@mail.com','rot',157,'Nein','evangelisch','männlich',457,NULL),
	('1954-02-10','Caroline','Müller','2016-06-28 10:21:17','Caroline.Müller@mail.com','rot',165,'Ja','römisch-orthodox','weiblich',458,NULL),
	('1973-09-06','Florian','Bosch','2016-06-28 10:21:17','Florian.Bosch@mail.com','rot',153,'Nein','muslimisch','männlich',459,NULL),
	('1990-06-05','Florian','Schulz','2016-06-28 10:21:17','Florian.Schulz@mail.com','blond',162,'Ja','römisch-katholisch','männlich',460,NULL),
	('1983-01-27','Paul','Reiter','2016-06-28 10:21:17','Paul.Reiter@mail.com','rot',174,'Ja','evangelisch','männlich',461,NULL),
	('1994-04-17','Max','Bosch','2016-06-28 10:21:17','Max.Bosch@mail.com','blond',165,'Nein','evangelisch','männlich',462,NULL),
	('1987-06-06','Ulrike','Baumann','2016-06-28 10:21:17','Ulrike.Baumann@mail.com','brünett',169,'Ja','römisch-katholisch','weiblich',463,NULL),
	('1968-03-22','Olga','Reiter','2016-06-28 10:21:17','Olga.Reiter@mail.com','dunkel-blond',180,'Nein','muslimisch','weiblich',464,NULL),
	('1990-06-19','Florian','Reiter','2016-06-28 10:21:17','Florian.Reiter@mail.com','dunkel-blond',181,'Ja','römisch-katholisch','männlich',465,NULL),
	('1957-07-08','Lina','Baumann','2016-06-28 10:21:17','Lina.Baumann@mail.com','dunkel-blond',170,'Nein','muslimisch','weiblich',466,NULL),
	('1969-11-16','Petra','Schulz','2016-06-28 10:21:17','Petera.Schulz@mail.com','rot',161,'Ja','jüdisch','weiblich',467,'2016-06-30 14:55:32'),
	('1980-06-25','Ulrike','Bosch','2016-06-28 10:21:17','Ulrike.Bosch@mail.com','blond',161,'Nein','muslimisch','weiblich',468,NULL),
	('1976-02-03','Peter','Reiter','2016-06-28 10:21:17','Peter.Reiter@mail.com','dunkel-blond',155,'Ja','römisch-orthodox','männlich',469,NULL),
	('1961-07-04','Christopher','Schulz','2016-06-28 10:21:17','Christopher.Schulz@mail.com','blond',158,'Ja','jüdisch','männlich',470,NULL),
	('1959-07-27','Meike','Bosch','2016-06-28 10:21:17','Meike.Bosch@mail.com','dunkel-blond',184,'Nein','muslimisch','weiblich',471,NULL),
	('1965-01-19','Ulrike','Bosch','2016-06-28 10:21:17','Ulrike.Bosch@mail.com','brünett',160,'Ja','muslimisch','weiblich',472,NULL),
	('1987-02-23','Olga','Bosch','2016-06-28 10:21:17','Olga.Bosch@mail.com','schwarz',176,'Ja','jüdisch','weiblich',473,NULL),
	('1968-03-17','Florian','Reiter','2016-06-28 10:21:17','Florian.Reiter@mail.com','rot',153,'Ja','evangelisch','männlich',474,NULL),
	('1987-08-06','Max','Müller','2016-06-28 10:21:17','Max.Müller@mail.com','blond',174,'Ja','muslimisch','männlich',475,NULL),
	('1950-02-10','Max','Müller','2016-06-28 10:21:17','Max.Müller@mail.com','rot',178,'Ja','evangelisch','männlich',476,NULL),
	('1978-04-18','Meike','Schulz','2016-06-28 10:21:17','Meike.Schulz@mail.com','rot',182,'Nein','römisch-orthodox','weiblich',477,NULL),
	('1981-02-09','Petra','Reiter','2016-06-28 10:21:17','Petera.Reiter@mail.com','blond',171,'Ja','jüdisch','weiblich',478,'2016-06-30 14:55:32'),
	('1954-11-10','Daniel','Baumann','2016-06-28 10:21:17','Daniel.Baumann@mail.com','brünett',157,'Nein','römisch-orthodox','männlich',479,NULL),
	('1964-05-04','Olga','Müller','2016-06-28 10:21:17','Olga.Müller@mail.com','blond',152,'Ja','römisch-orthodox','weiblich',480,NULL),
	('1971-09-15','Meike','Reiter','2016-06-28 10:21:17','Meike.Reiter@mail.com','dunkel-blond',180,'Nein','jüdisch','weiblich',481,NULL),
	('1990-02-17','Caroline','Schulz','2016-06-28 10:21:17','Caroline.Schulz@mail.com','rot',164,'Ja','muslimisch','weiblich',482,NULL),
	('1992-05-11','Peter','Reiter','2016-06-28 10:21:17','Peter.Reiter@mail.com','rot',189,'Nein','jüdisch','männlich',483,NULL),
	('1992-02-07','Peter','Schulz','2016-06-28 10:21:17','Peter.Schulz@mail.com','schwarz',170,'Ja','evangelisch','männlich',484,NULL),
	('1991-10-26','Nora','Baumann','2016-06-28 10:21:17','Nora.Baumann@mail.com','brünett',188,'Nein','römisch-katholisch','weiblich',485,NULL),
	('1966-09-09','Benjamin','Baumann','2016-06-28 10:21:17','Benjamin.Baumann@mail.com','blond',166,'Nein','evangelisch','männlich',486,NULL),
	('1964-09-20','Paula','Schulz','2016-06-28 10:21:17','Paula.Schulz@mail.com','blond',174,'Nein','jüdisch','weiblich',487,NULL),
	('1989-05-28','Christina','Schulz','2016-06-28 10:21:17','Christina.Schulz@mail.com','dunkel-blond',176,'Nein','evangelisch','weiblich',488,NULL),
	('1952-03-09','Olga','Reiter','2016-06-28 10:21:17','Olga.Reiter@mail.com','blond',188,'Nein','römisch-orthodox','weiblich',489,NULL),
	('1958-05-23','Johannes','Schulz','2016-06-28 10:21:17','Johannes.Schulz@mail.com','dunkel-blond',176,'Ja','römisch-katholisch','männlich',490,NULL),
	('1980-10-16','Benjamin','Baumann','2016-06-28 10:21:17','Benjamin.Baumann@mail.com','brünett',169,'Nein','evangelisch','männlich',491,NULL),
	('1986-04-06','Max','Bosch','2016-06-28 10:21:17','Max.Bosch@mail.com','dunkel-blond',154,'Nein','muslimisch','männlich',492,NULL),
	('1983-11-14','Max','Bosch','2016-06-28 10:21:17','Max.Bosch@mail.com','blond',151,'Nein','römisch-orthodox','männlich',493,NULL),
	('1998-02-02','Petra','Reiter','2016-06-28 10:21:17','Petera.Reiter@mail.com','brünett',180,'Nein','jüdisch','weiblich',494,'2016-06-30 14:55:32'),
	('1995-02-03','Johannes','Reiter','2016-06-28 10:21:17','Johannes.Reiter@mail.com','schwarz',166,'Ja','jüdisch','männlich',495,NULL),
	('1984-05-23','Max','Bosch','2016-06-28 10:21:17','Max.Bosch@mail.com','dunkel-blond',163,'Ja','jüdisch','männlich',496,NULL),
	('1962-06-18','Ulrike','Reiter','2016-06-28 10:21:17','Ulrike.Reiter@mail.com','dunkel-blond',165,'Nein','evangelisch','weiblich',497,NULL),
	('1961-07-29','Nora','Baumann','2016-06-28 10:21:17','Nora.Baumann@mail.com','dunkel-blond',177,'Ja','römisch-orthodox','weiblich',498,NULL),
	('1965-03-09','Christina','Baumann','2016-06-28 10:21:17','Christina.Baumann@mail.com','blond',158,'Nein','römisch-orthodox','weiblich',499,NULL),
	('1960-08-17','Nora','Baumann','2016-06-28 10:21:17','Nora.Baumann@mail.com','blond',169,'Nein','muslimisch','weiblich',500,NULL),
	('1970-09-07','Paul','Müller','2016-06-28 10:21:17','Paul.Müller@mail.com','schwarz',174,'Ja','evangelisch','männlich',501,NULL),
	('1996-10-25','Christina','Müller','2016-06-28 10:21:17','Christina.Müller@mail.com','schwarz',168,'Nein','römisch-orthodox','weiblich',502,NULL),
	('1975-01-18','Lina','Bosch','2016-06-28 10:21:17','Lina.Bosch@mail.com','rot',185,'Ja','evangelisch','weiblich',503,NULL),
	('1957-09-28','Christopher','Reiter','2016-06-28 10:21:17','Christopher.Reiter@mail.com','rot',182,'Ja','römisch-katholisch','männlich',504,NULL),
	('1965-06-20','Petra','Bosch','2016-06-28 10:21:17','Petera.Bosch@mail.com','rot',178,'Ja','jüdisch','weiblich',505,'2016-06-30 14:55:32'),
	('1962-01-25','Caroline','Baumann','2016-06-28 10:21:17','Caroline.Baumann@mail.com','schwarz',171,'Nein','römisch-orthodox','weiblich',506,NULL),
	('1953-04-21','Peter','Schulz','2016-06-28 10:21:17','Peter.Schulz@mail.com','blond',185,'Nein','römisch-katholisch','männlich',507,NULL),
	('1953-03-26','Paul','Schulz','2016-06-28 10:21:17','Paul.Schulz@mail.com','brünett',154,'Ja','jüdisch','männlich',508,NULL),
	('1978-05-10','Paul','Schulz','2016-06-28 10:21:17','Paul.Schulz@mail.com','blond',178,'Ja','jüdisch','männlich',509,NULL),
	('1973-03-17','Benjamin','Baumann','2016-06-28 10:21:17','Benjamin.Baumann@mail.com','brünett',184,'Nein','römisch-orthodox','männlich',510,NULL),
	('1959-05-14','Paula','Schulz','2016-06-28 10:21:17','Paula.Schulz@mail.com','blond',156,'Ja','römisch-orthodox','weiblich',511,NULL),
	('1972-05-18','Ulrike','Bosch','2016-06-28 10:21:17','Ulrike.Bosch@mail.com','blond',173,'Ja','jüdisch','weiblich',512,NULL),
	('1965-08-06','Caroline','Bosch','2016-06-28 10:21:17','Caroline.Bosch@mail.com','brünett',175,'Nein','römisch-katholisch','weiblich',513,NULL),
	('1970-06-05','Christina','Baumann','2016-06-28 10:21:17','Christina.Baumann@mail.com','brünett',169,'Nein','römisch-katholisch','weiblich',514,NULL),
	('1991-02-14','Max','Müller','2016-06-28 10:21:17','Max.Müller@mail.com','brünett',188,'Ja','römisch-orthodox','männlich',515,NULL),
	('1957-01-11','Ulrike','Bosch','2016-06-28 10:21:17','Ulrike.Bosch@mail.com','schwarz',160,'Nein','evangelisch','weiblich',516,NULL),
	('1958-04-18','Daniel','Bosch','2016-06-28 10:21:17','Daniel.Bosch@mail.com','brünett',161,'Ja','römisch-orthodox','männlich',517,NULL),
	('1998-08-22','Petra','Schulz','2016-06-28 10:21:17','Petera.Schulz@mail.com','blond',174,'Ja','römisch-orthodox','weiblich',518,'2016-06-30 14:55:32'),
	('1968-06-11','Daniel','Schulz','2016-06-28 10:21:17','Daniel.Schulz@mail.com','blond',170,'Nein','muslimisch','männlich',519,NULL),
	('1986-06-04','Ulrike','Bosch','2016-06-28 10:21:17','Ulrike.Bosch@mail.com','rot',187,'Nein','jüdisch','weiblich',520,NULL),
	('1971-06-11','Benjamin','Müller','2016-06-28 10:21:17','Benjamin.Müller@mail.com','schwarz',184,'Ja','evangelisch','männlich',521,NULL),
	('1998-03-17','Petra','Bosch','2016-06-28 10:21:17','Petera.Bosch@mail.com','dunkel-blond',176,'Ja','muslimisch','weiblich',522,'2016-06-30 14:55:32'),
	('1951-01-25','Meike','Schulz','2016-06-28 10:21:17','Meike.Schulz@mail.com','rot',165,'Ja','jüdisch','weiblich',523,NULL),
	('1995-01-18','Meike','Bosch','2016-06-28 10:21:17','Meike.Bosch@mail.com','rot',184,'Ja','muslimisch','weiblich',524,NULL),
	('1963-06-11','Paul','Baumann','2016-06-28 10:21:17','Paul.Baumann@mail.com','blond',182,'Nein','evangelisch','männlich',525,NULL),
	('1998-05-23','Max','Baumann','2016-06-28 10:21:17','Max.Baumann@mail.com','dunkel-blond',159,'Ja','evangelisch','männlich',526,NULL),
	('1976-03-28','Johannes','Reiter','2016-06-28 10:21:17','Johannes.Reiter@mail.com','dunkel-blond',167,'Ja','evangelisch','männlich',527,NULL),
	('1972-02-21','Paula','Reiter','2016-06-28 10:21:17','Paula.Reiter@mail.com','dunkel-blond',150,'Nein','muslimisch','weiblich',528,NULL),
	('1953-09-19','Johannes','Reiter','2016-06-28 10:21:17','Johannes.Reiter@mail.com','rot',186,'Nein','evangelisch','männlich',529,NULL),
	('1955-08-20','Johannes','Baumann','2016-06-28 10:21:17','Johannes.Baumann@mail.com','schwarz',172,'Nein','römisch-katholisch','männlich',530,NULL),
	('1987-10-17','Paul','Bosch','2016-06-28 10:21:17','Paul.Bosch@mail.com','blond',176,'Ja','römisch-orthodox','männlich',531,NULL),
	('1968-02-08','Nora','Baumann','2016-06-28 10:21:17','Nora.Baumann@mail.com','blond',150,'Nein','römisch-katholisch','weiblich',532,NULL),
	('1982-07-22','Benjamin','Müller','2016-06-28 10:21:17','Benjamin.Müller@mail.com','brünett',165,'Nein','evangelisch','männlich',533,NULL),
	('1962-10-05','Florian','Baumann','2016-06-28 10:21:17','Florian.Baumann@mail.com','blond',159,'Nein','evangelisch','männlich',534,NULL),
	('1974-05-07','Petra','Reiter','2016-06-28 10:21:17','Petera.Reiter@mail.com','brünett',168,'Nein','römisch-katholisch','weiblich',535,'2016-06-30 14:55:32'),
	('1956-07-01','Nora','Baumann','2016-06-28 10:21:17','Nora.Baumann@mail.com','schwarz',152,'Nein','evangelisch','weiblich',536,NULL),
	('1963-08-08','Paula','Müller','2016-06-28 10:21:17','Paula.Müller@mail.com','schwarz',184,'Nein','evangelisch','weiblich',537,NULL),
	('1970-08-11','Paula','Müller','2016-06-28 10:21:17','Paula.Müller@mail.com','dunkel-blond',185,'Nein','römisch-katholisch','weiblich',538,NULL),
	('1973-09-12','Lina','Baumann','2016-06-28 10:21:17','Lina.Baumann@mail.com','dunkel-blond',151,'Ja','römisch-katholisch','weiblich',539,NULL),
	('1953-07-22','Paul','Bosch','2016-06-28 10:21:17','Paul.Bosch@mail.com','schwarz',189,'Nein','muslimisch','männlich',540,NULL),
	('1975-03-02','Max','Reiter','2016-06-28 10:21:17','Max.Reiter@mail.com','schwarz',163,'Ja','muslimisch','männlich',541,NULL),
	('1985-06-11','Daniel','Baumann','2016-06-28 10:21:17','Daniel.Baumann@mail.com','schwarz',154,'Ja','evangelisch','männlich',542,NULL),
	('1985-11-02','Max','Baumann','2016-06-28 10:21:17','Max.Baumann@mail.com','brünett',151,'Ja','jüdisch','männlich',543,NULL),
	('1985-01-09','Peter','Bosch','2016-06-28 10:21:17','Peter.Bosch@mail.com','brünett',174,'Nein','römisch-katholisch','männlich',544,NULL),
	('1986-08-06','Florian','Müller','2016-06-28 10:21:17','Florian.Müller@mail.com','blond',174,'Nein','jüdisch','männlich',545,NULL),
	('1958-11-14','Peter','Müller','2016-06-28 10:21:17','Peter.Müller@mail.com','dunkel-blond',186,'Nein','jüdisch','männlich',546,NULL),
	('1968-04-10','Florian','Müller','2016-06-28 10:21:17','Florian.Müller@mail.com','blond',176,'Nein','jüdisch','männlich',547,NULL),
	('1985-05-29','Ulrike','Reiter','2016-06-28 10:21:17','Ulrike.Reiter@mail.com','brünett',170,'Nein','römisch-katholisch','weiblich',548,NULL),
	('1950-02-04','Paul','Bosch','2016-06-28 10:21:17','Paul.Bosch@mail.com','blond',179,'Ja','jüdisch','männlich',549,NULL),
	('1985-06-11','Peter','Schulz','2016-06-28 10:21:17','Peter.Schulz@mail.com','brünett',179,'Nein','evangelisch','männlich',550,NULL),
	('1963-05-05','Ulrike','Schulz','2016-06-28 10:21:17','Ulrike.Schulz@mail.com','blond',163,'Ja','evangelisch','weiblich',551,NULL),
	('1986-04-16','Daniel','Baumann','2016-06-28 10:21:17','Daniel.Baumann@mail.com','brünett',172,'Ja','römisch-katholisch','männlich',552,NULL),
	('1992-10-19','Olga','Bosch','2016-06-28 10:21:17','Olga.Bosch@mail.com','rot',153,'Nein','römisch-katholisch','weiblich',553,NULL),
	('1995-07-29','Ulrike','Reiter','2016-06-28 10:21:17','Ulrike.Reiter@mail.com','blond',165,'Ja','römisch-orthodox','weiblich',554,NULL),
	('1969-08-01','Florian','Baumann','2016-06-28 10:21:17','Florian.Baumann@mail.com','brünett',159,'Nein','römisch-katholisch','männlich',555,NULL),
	('1954-09-27','Benjamin','Baumann','2016-06-28 10:21:17','Benjamin.Baumann@mail.com','blond',186,'Ja','evangelisch','männlich',556,NULL),
	('1989-09-05','Daniel','Reiter','2016-06-28 10:21:17','Daniel.Reiter@mail.com','brünett',153,'Nein','römisch-orthodox','männlich',557,NULL),
	('1994-06-11','Daniel','Müller','2016-06-28 10:21:17','Daniel.Müller@mail.com','brünett',183,'Ja','römisch-orthodox','männlich',558,NULL),
	('1986-09-02','Peter','Schulz','2016-06-28 10:21:17','Peter.Schulz@mail.com','schwarz',165,'Nein','jüdisch','männlich',559,NULL),
	('1960-01-11','Paul','Müller','2016-06-28 10:21:17','Paul.Müller@mail.com','brünett',165,'Ja','muslimisch','männlich',560,NULL),
	('1966-08-02','Nora','Reiter','2016-06-28 10:21:17','Nora.Reiter@mail.com','schwarz',155,'Nein','jüdisch','weiblich',561,NULL),
	('1971-07-20','Christopher','Schulz','2016-06-28 10:21:17','Christopher.Schulz@mail.com','blond',164,'Nein','jüdisch','männlich',562,NULL),
	('1951-06-09','Ulrike','Bosch','2016-06-28 10:21:17','Ulrike.Bosch@mail.com','blond',166,'Nein','römisch-katholisch','weiblich',563,NULL),
	('1990-07-04','Ulrike','Baumann','2016-06-28 10:21:17','Ulrike.Baumann@mail.com','blond',175,'Nein','muslimisch','weiblich',564,NULL),
	('1956-03-08','Daniel','Baumann','2016-06-28 10:21:17','Daniel.Baumann@mail.com','blond',161,'Nein','muslimisch','männlich',565,NULL),
	('1994-07-29','Johannes','Baumann','2016-06-28 10:21:17','Johannes.Baumann@mail.com','blond',178,'Nein','römisch-katholisch','männlich',566,NULL),
	('1973-08-27','Benjamin','Müller','2016-06-28 10:21:17','Benjamin.Müller@mail.com','blond',170,'Nein','muslimisch','männlich',567,NULL),
	('1967-09-12','Johannes','Bosch','2016-06-28 10:21:17','Johannes.Bosch@mail.com','brünett',166,'Nein','jüdisch','männlich',568,NULL),
	('1984-01-22','Johannes','Bosch','2016-06-28 10:21:17','Johannes.Bosch@mail.com','blond',162,'Nein','römisch-orthodox','männlich',569,NULL),
	('1967-02-03','Benjamin','Baumann','2016-06-28 10:21:17','Benjamin.Baumann@mail.com','blond',156,'Nein','muslimisch','männlich',570,NULL),
	('1959-03-05','Christopher','Bosch','2016-06-28 10:21:17','Christopher.Bosch@mail.com','rot',171,'Nein','römisch-katholisch','männlich',571,NULL),
	('1959-02-17','Johannes','Baumann','2016-06-28 10:21:17','Johannes.Baumann@mail.com','rot',165,'Ja','römisch-orthodox','männlich',572,NULL),
	('1999-01-22','Florian','Baumann','2016-06-28 10:21:17','Florian.Baumann@mail.com','schwarz',168,'Ja','jüdisch','männlich',573,NULL),
	('1998-06-02','Christina','Müller','2016-06-28 10:21:17','Christina.Müller@mail.com','blond',160,'Ja','muslimisch','weiblich',574,NULL),
	('1969-10-17','Lina','Müller','2016-06-28 10:21:17','Lina.Müller@mail.com','blond',159,'Nein','römisch-orthodox','weiblich',575,NULL),
	('1966-02-02','Petra','Baumann','2016-06-28 10:21:17','Petera.Baumann@mail.com','blond',179,'Nein','evangelisch','weiblich',576,'2016-06-30 14:55:32'),
	('1969-09-08','Johannes','Reiter','2016-06-28 10:21:17','Johannes.Reiter@mail.com','rot',178,'Ja','römisch-orthodox','männlich',577,NULL),
	('1966-11-18','Peter','Bosch','2016-06-28 10:21:17','Peter.Bosch@mail.com','blond',152,'Ja','römisch-katholisch','männlich',578,NULL),
	('1952-09-27','Paul','Schulz','2016-06-28 10:21:17','Paul.Schulz@mail.com','brünett',169,'Nein','jüdisch','männlich',579,NULL),
	('1962-04-10','Peter','Baumann','2016-06-28 10:21:17','Peter.Baumann@mail.com','dunkel-blond',162,'Ja','römisch-katholisch','männlich',580,NULL),
	('1990-05-21','Johannes','Baumann','2016-06-28 10:21:17','Johannes.Baumann@mail.com','schwarz',169,'Nein','jüdisch','männlich',581,NULL),
	('1949-03-14','Christopher','Baumann','2016-06-28 10:21:17','Christopher.Baumann@mail.com','brünett',157,'Nein','römisch-katholisch','männlich',582,NULL),
	('1988-09-12','Olga','Baumann','2016-06-28 10:21:17','Olga.Baumann@mail.com','brünett',160,'Nein','evangelisch','weiblich',583,NULL),
	('1994-07-21','Benjamin','Reiter','2016-06-28 10:21:17','Benjamin.Reiter@mail.com','brünett',168,'Ja','muslimisch','männlich',584,NULL),
	('1992-09-09','Petra','Baumann','2016-06-28 10:21:17','Petera.Baumann@mail.com','schwarz',165,'Nein','muslimisch','weiblich',585,'2016-06-30 14:55:32'),
	('1949-06-10','Paula','Müller','2016-06-28 10:21:17','Paula.Müller@mail.com','blond',182,'Nein','muslimisch','weiblich',586,NULL),
	('1978-04-09','Florian','Reiter','2016-06-28 10:21:17','Florian.Reiter@mail.com','blond',164,'Nein','evangelisch','männlich',587,NULL),
	('1949-03-22','Olga','Bosch','2016-06-28 10:21:17','Olga.Bosch@mail.com','schwarz',160,'Ja','evangelisch','weiblich',588,NULL),
	('1962-02-21','Meike','Schulz','2016-06-28 10:21:17','Meike.Schulz@mail.com','brünett',176,'Nein','römisch-orthodox','weiblich',589,NULL),
	('1978-03-15','Max','Bosch','2016-06-28 10:21:17','Max.Bosch@mail.com','blond',188,'Ja','evangelisch','männlich',590,NULL),
	('1988-01-26','Caroline','Schulz','2016-06-28 10:21:17','Caroline.Schulz@mail.com','dunkel-blond',159,'Ja','muslimisch','weiblich',591,NULL),
	('1963-01-07','Christina','Bosch','2016-06-28 10:21:17','Christina.Bosch@mail.com','schwarz',153,'Nein','römisch-katholisch','weiblich',592,NULL),
	('1987-03-24','Peter','Baumann','2016-06-28 10:21:17','Peter.Baumann@mail.com','schwarz',153,'Nein','römisch-katholisch','männlich',593,NULL),
	('1976-03-12','Paula','Reiter','2016-06-28 10:21:17','Paula.Reiter@mail.com','rot',184,'Nein','muslimisch','weiblich',594,NULL),
	('1952-02-24','Ulrike','Müller','2016-06-28 10:21:17','Ulrike.Müller@mail.com','blond',185,'Nein','evangelisch','weiblich',595,NULL),
	('1969-03-08','Olga','Schulz','2016-06-28 10:21:17','Olga.Schulz@mail.com','blond',180,'Ja','römisch-orthodox','weiblich',596,NULL),
	('1975-03-23','Peter','Müller','2016-06-28 10:21:17','Peter.Müller@mail.com','blond',162,'Ja','muslimisch','männlich',597,NULL),
	('1988-04-22','Daniel','Schulz','2016-06-28 10:21:17','Daniel.Schulz@mail.com','dunkel-blond',162,'Ja','römisch-orthodox','männlich',598,NULL),
	('1995-05-04','Ulrike','Müller','2016-06-28 10:21:17','Ulrike.Müller@mail.com','brünett',154,'Nein','römisch-orthodox','weiblich',599,NULL),
	('1961-05-15','Christina','Bosch','2016-06-28 10:21:17','Christina.Bosch@mail.com','brünett',153,'Ja','römisch-katholisch','weiblich',600,NULL),
	('1998-09-11','Paul','Müller','2016-06-28 10:21:17','Paul.Müller@mail.com','dunkel-blond',153,'Nein','römisch-orthodox','männlich',601,NULL),
	('1978-05-27','Caroline','Reiter','2016-06-28 10:21:17','Caroline.Reiter@mail.com','brünett',163,'Ja','römisch-orthodox','weiblich',602,NULL),
	('1967-11-11','Caroline','Müller','2016-06-28 10:21:17','Caroline.Müller@mail.com','brünett',155,'Nein','evangelisch','weiblich',603,NULL),
	('1951-04-01','Johannes','Reiter','2016-06-28 10:21:17','Johannes.Reiter@mail.com','blond',154,'Ja','muslimisch','männlich',604,NULL),
	('1985-09-08','Caroline','Baumann','2016-06-28 10:21:17','Caroline.Baumann@mail.com','brünett',161,'Nein','römisch-orthodox','weiblich',605,NULL),
	('1976-04-14','Paula','Schulz','2016-06-28 10:21:17','Paula.Schulz@mail.com','rot',171,'Nein','römisch-orthodox','weiblich',606,NULL),
	('1985-02-17','Nora','Baumann','2016-06-28 10:21:17','Nora.Baumann@mail.com','schwarz',164,'Ja','evangelisch','weiblich',607,NULL),
	('1968-03-03','Petra','Müller','2016-06-28 10:21:17','Petera.Müller@mail.com','dunkel-blond',174,'Nein','muslimisch','weiblich',608,'2016-06-30 14:55:32'),
	('1968-10-01','Christina','Müller','2016-06-28 10:21:17','Christina.Müller@mail.com','blond',186,'Ja','römisch-orthodox','weiblich',609,NULL),
	('1964-04-06','Christopher','Reiter','2016-06-28 10:21:17','Christopher.Reiter@mail.com','blond',155,'Nein','römisch-katholisch','männlich',610,NULL),
	('1977-05-13','Lina','Baumann','2016-06-28 10:21:17','Lina.Baumann@mail.com','schwarz',158,'Nein','evangelisch','weiblich',611,NULL),
	('1991-11-22','Christina','Schulz','2016-06-28 10:21:17','Christina.Schulz@mail.com','schwarz',181,'Ja','römisch-katholisch','weiblich',612,NULL),
	('1997-09-16','Florian','Baumann','2016-06-28 10:21:17','Florian.Baumann@mail.com','dunkel-blond',163,'Nein','jüdisch','männlich',613,NULL),
	('1974-01-16','Johannes','Schulz','2016-06-28 10:21:17','Johannes.Schulz@mail.com','schwarz',179,'Nein','römisch-orthodox','männlich',614,NULL),
	('1958-01-28','Florian','Baumann','2016-06-28 10:21:17','Florian.Baumann@mail.com','blond',169,'Ja','muslimisch','männlich',615,NULL),
	('1982-08-25','Peter','Bosch','2016-06-28 10:21:17','Peter.Bosch@mail.com','blond',162,'Ja','muslimisch','männlich',616,NULL),
	('1949-08-16','Christopher','Baumann','2016-06-28 10:21:17','Christopher.Baumann@mail.com','schwarz',167,'Ja','römisch-orthodox','männlich',617,NULL),
	('1957-05-10','Johannes','Bosch','2016-06-28 10:21:17','Johannes.Bosch@mail.com','rot',171,'Nein','jüdisch','männlich',618,NULL),
	('1964-11-02','Florian','Müller','2016-06-28 10:21:17','Florian.Müller@mail.com','rot',158,'Ja','evangelisch','männlich',619,NULL),
	('1988-01-09','Lina','Baumann','2016-06-28 10:21:17','Lina.Baumann@mail.com','brünett',171,'Ja','römisch-orthodox','weiblich',620,NULL),
	('1953-08-28','Christina','Bosch','2016-06-28 10:21:17','Christina.Bosch@mail.com','rot',180,'Ja','jüdisch','weiblich',621,NULL),
	('1975-06-04','Benjamin','Schulz','2016-06-28 10:21:17','Benjamin.Schulz@mail.com','rot',165,'Ja','römisch-katholisch','männlich',622,NULL),
	('1975-10-14','Christina','Bosch','2016-06-28 10:21:17','Christina.Bosch@mail.com','schwarz',150,'Ja','evangelisch','weiblich',623,NULL),
	('1988-07-05','Lina','Reiter','2016-06-28 10:21:17','Lina.Reiter@mail.com','brünett',185,'Ja','römisch-orthodox','weiblich',624,NULL),
	('1958-02-02','Benjamin','Reiter','2016-06-28 10:21:17','Benjamin.Reiter@mail.com','schwarz',156,'Nein','jüdisch','männlich',625,NULL),
	('1966-01-17','Paula','Müller','2016-06-28 10:21:17','Paula.Müller@mail.com','rot',153,'Nein','muslimisch','weiblich',626,NULL),
	('1959-07-04','Benjamin','Schulz','2016-06-28 10:21:17','Benjamin.Schulz@mail.com','brünett',160,'Nein','evangelisch','männlich',627,NULL),
	('1970-02-27','Paul','Baumann','2016-06-28 10:21:17','Paul.Baumann@mail.com','dunkel-blond',166,'Nein','römisch-orthodox','männlich',628,NULL),
	('1977-06-10','Olga','Müller','2016-06-28 10:21:17','Olga.Müller@mail.com','dunkel-blond',150,'Nein','evangelisch','weiblich',629,NULL),
	('1993-01-20','Christopher','Bosch','2016-06-28 10:21:17','Christopher.Bosch@mail.com','dunkel-blond',150,'Nein','jüdisch','männlich',630,NULL),
	('1989-04-10','Daniel','Reiter','2016-06-28 10:21:17','Daniel.Reiter@mail.com','schwarz',165,'Nein','römisch-orthodox','männlich',631,NULL),
	('1979-06-02','Peter','Reiter','2016-06-28 10:21:17','Peter.Reiter@mail.com','dunkel-blond',153,'Ja','römisch-orthodox','männlich',632,NULL),
	('1961-10-11','Max','Reiter','2016-06-28 10:21:17','Max.Reiter@mail.com','blond',165,'Nein','römisch-orthodox','männlich',633,NULL),
	('1986-04-03','Max','Schulz','2016-06-28 10:21:17','Max.Schulz@mail.com','blond',151,'Ja','jüdisch','männlich',634,NULL),
	('1962-09-15','Florian','Müller','2016-06-28 10:21:17','Florian.Müller@mail.com','dunkel-blond',167,'Nein','jüdisch','männlich',635,NULL),
	('1975-05-02','Christopher','Baumann','2016-06-28 10:21:17','Christopher.Baumann@mail.com','rot',171,'Nein','römisch-katholisch','männlich',636,NULL),
	('1968-06-21','Christina','Müller','2016-06-28 10:21:17','Christina.Müller@mail.com','rot',159,'Nein','römisch-katholisch','weiblich',637,NULL),
	('1987-09-10','Ulrike','Müller','2016-06-28 10:21:17','Ulrike.Müller@mail.com','dunkel-blond',186,'Nein','römisch-katholisch','weiblich',638,NULL),
	('1958-05-13','Meike','Schulz','2016-06-28 10:21:17','Meike.Schulz@mail.com','rot',165,'Nein','muslimisch','weiblich',639,NULL),
	('1996-01-28','Petra','Schulz','2016-06-28 10:21:17','Petera.Schulz@mail.com','blond',180,'Ja','römisch-katholisch','weiblich',640,'2016-06-30 14:55:32'),
	('1990-10-18','Benjamin','Bosch','2016-06-28 10:21:17','Benjamin.Bosch@mail.com','rot',183,'Nein','römisch-katholisch','männlich',641,NULL),
	('1995-06-08','Max','Reiter','2016-06-28 10:21:17','Max.Reiter@mail.com','dunkel-blond',178,'Nein','römisch-katholisch','männlich',642,NULL),
	('1950-01-28','Benjamin','Bosch','2016-06-28 10:21:17','Benjamin.Bosch@mail.com','brünett',159,'Nein','römisch-katholisch','männlich',643,NULL),
	('1949-07-06','Nora','Baumann','2016-06-28 10:21:17','Nora.Baumann@mail.com','schwarz',150,'Ja','evangelisch','weiblich',644,NULL),
	('1988-01-28','Christina','Schulz','2016-06-28 10:21:17','Christina.Schulz@mail.com','brünett',171,'Ja','evangelisch','weiblich',645,NULL),
	('1986-08-28','Ulrike','Bosch','2016-06-28 10:21:17','Ulrike.Bosch@mail.com','rot',165,'Nein','jüdisch','weiblich',646,NULL),
	('1949-08-21','Peter','Schulz','2016-06-28 10:21:17','Peter.Schulz@mail.com','schwarz',175,'Ja','jüdisch','männlich',647,NULL),
	('1979-10-21','Paula','Schulz','2016-06-28 10:21:17','Paula.Schulz@mail.com','dunkel-blond',183,'Nein','römisch-orthodox','weiblich',648,NULL),
	('1950-11-06','Olga','Müller','2016-06-28 10:21:17','Olga.Müller@mail.com','schwarz',156,'Nein','römisch-katholisch','weiblich',649,NULL),
	('1987-06-01','Christina','Baumann','2016-06-28 10:21:17','Christina.Baumann@mail.com','dunkel-blond',165,'Ja','jüdisch','weiblich',650,NULL),
	('1979-08-24','Benjamin','Schulz','2016-06-28 10:21:17','Benjamin.Schulz@mail.com','rot',173,'Nein','römisch-orthodox','männlich',651,NULL),
	('1971-03-13','Paula','Schulz','2016-06-28 10:21:17','Paula.Schulz@mail.com','blond',170,'Nein','jüdisch','weiblich',652,NULL),
	('1999-08-10','Daniel','Schulz','2016-06-28 10:21:17','Daniel.Schulz@mail.com','schwarz',156,'Ja','evangelisch','männlich',653,NULL),
	('1951-10-26','Johannes','Reiter','2016-06-28 10:21:17','Johannes.Reiter@mail.com','schwarz',171,'Nein','muslimisch','männlich',654,NULL),
	('1970-07-06','Christina','Bosch','2016-06-28 10:21:17','Christina.Bosch@mail.com','dunkel-blond',185,'Nein','evangelisch','weiblich',655,NULL),
	('1953-03-18','Christopher','Schulz','2016-06-28 10:21:17','Christopher.Schulz@mail.com','dunkel-blond',150,'Ja','evangelisch','männlich',656,NULL),
	('1964-10-16','Meike','Baumann','2016-06-28 10:21:17','Meike.Baumann@mail.com','dunkel-blond',171,'Nein','muslimisch','weiblich',657,NULL),
	('1949-02-21','Olga','Baumann','2016-06-28 10:21:17','Olga.Baumann@mail.com','schwarz',150,'Ja','römisch-orthodox','weiblich',658,NULL),
	('1971-10-11','Paul','Reiter','2016-06-28 10:21:17','Paul.Reiter@mail.com','brünett',188,'Nein','jüdisch','männlich',659,NULL),
	('1963-11-20','Olga','Baumann','2016-06-28 10:21:17','Olga.Baumann@mail.com','rot',180,'Nein','römisch-orthodox','weiblich',660,NULL),
	('1963-10-21','Olga','Baumann','2016-06-28 10:21:17','Olga.Baumann@mail.com','dunkel-blond',168,'Nein','jüdisch','weiblich',661,NULL),
	('1950-01-07','Ulrike','Baumann','2016-06-28 10:21:17','Ulrike.Baumann@mail.com','brünett',151,'Nein','römisch-katholisch','weiblich',662,NULL),
	('1991-01-05','Paul','Schulz','2016-06-28 10:21:17','Paul.Schulz@mail.com','dunkel-blond',174,'Ja','römisch-katholisch','männlich',663,NULL),
	('1976-07-26','Meike','Reiter','2016-06-28 10:21:17','Meike.Reiter@mail.com','dunkel-blond',173,'Nein','jüdisch','weiblich',664,NULL),
	('1978-03-23','Ulrike','Bosch','2016-06-28 10:21:17','Ulrike.Bosch@mail.com','rot',157,'Ja','muslimisch','weiblich',665,NULL),
	('1972-04-08','Daniel','Schulz','2016-06-28 10:21:17','Daniel.Schulz@mail.com','schwarz',159,'Nein','römisch-katholisch','männlich',666,NULL),
	('1955-11-07','Daniel','Reiter','2016-06-28 10:21:17','Daniel.Reiter@mail.com','blond',152,'Ja','jüdisch','männlich',667,NULL),
	('1967-05-20','Lina','Schulz','2016-06-28 10:21:17','Lina.Schulz@mail.com','rot',160,'Nein','römisch-katholisch','weiblich',668,NULL),
	('1990-04-09','Max','Müller','2016-06-28 10:21:17','Max.Müller@mail.com','brünett',162,'Ja','römisch-katholisch','männlich',669,NULL),
	('1958-09-12','Christopher','Schulz','2016-06-28 10:21:17','Christopher.Schulz@mail.com','schwarz',150,'Nein','römisch-orthodox','männlich',670,NULL),
	('1999-07-16','Christopher','Bosch','2016-06-28 10:21:17','Christopher.Bosch@mail.com','blond',178,'Ja','jüdisch','männlich',671,NULL),
	('1972-05-20','Christina','Baumann','2016-06-28 10:21:17','Christina.Baumann@mail.com','schwarz',175,'Nein','römisch-orthodox','weiblich',672,NULL),
	('1959-09-08','Caroline','Bosch','2016-06-28 10:21:17','Caroline.Bosch@mail.com','schwarz',168,'Ja','jüdisch','weiblich',673,NULL),
	('1982-03-05','Olga','Bosch','2016-06-28 10:21:17','Olga.Bosch@mail.com','blond',189,'Ja','jüdisch','weiblich',674,NULL),
	('1987-02-11','Paul','Schulz','2016-06-28 10:21:17','Paul.Schulz@mail.com','rot',189,'Ja','muslimisch','männlich',675,NULL),
	('1955-04-25','Ulrike','Bosch','2016-06-28 10:21:17','Ulrike.Bosch@mail.com','dunkel-blond',178,'Ja','römisch-katholisch','weiblich',676,NULL),
	('1952-08-07','Lina','Bosch','2016-06-28 10:21:17','Lina.Bosch@mail.com','rot',166,'Nein','muslimisch','weiblich',677,NULL),
	('1997-02-22','Christopher','Schulz','2016-06-28 10:21:17','Christopher.Schulz@mail.com','schwarz',156,'Ja','römisch-orthodox','männlich',678,NULL),
	('1993-01-08','Paul','Baumann','2016-06-28 10:21:17','Paul.Baumann@mail.com','schwarz',162,'Ja','jüdisch','männlich',679,NULL),
	('1958-11-10','Christina','Müller','2016-06-28 10:21:17','Christina.Müller@mail.com','blond',162,'Nein','römisch-katholisch','weiblich',680,NULL),
	('1981-11-16','Daniel','Bosch','2016-06-28 10:21:17','Daniel.Bosch@mail.com','dunkel-blond',159,'Ja','muslimisch','männlich',681,NULL),
	('1981-02-20','Christina','Reiter','2016-06-28 10:21:17','Christina.Reiter@mail.com','blond',164,'Nein','römisch-katholisch','weiblich',682,NULL),
	('1965-01-02','Nora','Müller','2016-06-28 10:21:17','Nora.Müller@mail.com','rot',168,'Nein','römisch-katholisch','weiblich',683,NULL),
	('1985-01-25','Paul','Müller','2016-06-28 10:21:17','Paul.Müller@mail.com','rot',150,'Ja','muslimisch','männlich',684,NULL),
	('1976-11-21','Lina','Müller','2016-06-28 10:21:17','Lina.Müller@mail.com','blond',161,'Ja','muslimisch','weiblich',685,NULL),
	('1983-08-07','Christopher','Müller','2016-06-28 10:21:17','Christopher.Müller@mail.com','rot',173,'Nein','römisch-katholisch','männlich',686,NULL),
	('1980-06-06','Ulrike','Schulz','2016-06-28 10:21:17','Ulrike.Schulz@mail.com','dunkel-blond',176,'Nein','muslimisch','weiblich',687,NULL),
	('1951-02-27','Petra','Baumann','2016-06-28 10:21:17','Petera.Baumann@mail.com','schwarz',160,'Nein','römisch-katholisch','weiblich',688,'2016-06-30 14:55:32'),
	('1970-03-20','Daniel','Reiter','2016-06-28 10:21:17','Daniel.Reiter@mail.com','schwarz',166,'Ja','römisch-katholisch','männlich',689,NULL),
	('1989-06-13','Caroline','Baumann','2016-06-28 10:21:17','Caroline.Baumann@mail.com','schwarz',151,'Ja','römisch-katholisch','weiblich',690,NULL),
	('1967-01-18','Ulrike','Bosch','2016-06-28 10:21:17','Ulrike.Bosch@mail.com','blond',156,'Ja','jüdisch','weiblich',691,NULL),
	('1965-09-07','Meike','Bosch','2016-06-28 10:21:17','Meike.Bosch@mail.com','schwarz',167,'Ja','römisch-orthodox','weiblich',692,NULL),
	('1994-11-13','Florian','Schulz','2016-06-28 10:21:17','Florian.Schulz@mail.com','blond',158,'Nein','römisch-orthodox','männlich',693,NULL),
	('1981-10-15','Florian','Schulz','2016-06-28 10:21:17','Florian.Schulz@mail.com','rot',172,'Nein','muslimisch','männlich',694,NULL),
	('1965-08-16','Petra','Müller','2016-06-28 10:21:17','Petera.Müller@mail.com','rot',170,'Nein','muslimisch','weiblich',695,'2016-06-30 14:55:32'),
	('1960-05-02','Nora','Müller','2016-06-28 10:21:17','Nora.Müller@mail.com','dunkel-blond',189,'Nein','muslimisch','weiblich',696,NULL),
	('1967-06-12','Olga','Bosch','2016-06-28 10:21:17','Olga.Bosch@mail.com','rot',177,'Ja','muslimisch','weiblich',697,NULL),
	('1957-03-19','Christina','Reiter','2016-06-28 10:21:17','Christina.Reiter@mail.com','dunkel-blond',188,'Ja','römisch-katholisch','weiblich',698,NULL),
	('1999-06-02','Meike','Reiter','2016-06-28 10:21:17','Meike.Reiter@mail.com','blond',173,'Ja','römisch-katholisch','weiblich',699,NULL),
	('1959-06-04','Paula','Baumann','2016-06-28 10:21:17','Paula.Baumann@mail.com','blond',171,'Nein','evangelisch','weiblich',700,NULL),
	('1972-01-24','Christina','Baumann','2016-06-28 10:21:17','Christina.Baumann@mail.com','brünett',169,'Ja','jüdisch','weiblich',701,NULL),
	('1997-06-01','Nora','Reiter','2016-06-28 10:21:17','Nora.Reiter@mail.com','rot',175,'Nein','evangelisch','weiblich',702,NULL),
	('1972-06-24','Johannes','Baumann','2016-06-28 10:21:17','Johannes.Baumann@mail.com','schwarz',180,'Ja','römisch-orthodox','männlich',703,NULL),
	('1999-04-24','Ulrike','Reiter','2016-06-28 10:21:17','Ulrike.Reiter@mail.com','blond',151,'Nein','jüdisch','weiblich',704,NULL),
	('1977-10-16','Johannes','Schulz','2016-06-28 10:21:17','Johannes.Schulz@mail.com','brünett',157,'Nein','römisch-orthodox','männlich',705,NULL),
	('1996-10-21','Christina','Bosch','2016-06-28 10:21:17','Christina.Bosch@mail.com','schwarz',189,'Nein','römisch-katholisch','weiblich',706,NULL),
	('1979-03-23','Max','Baumann','2016-06-28 10:21:17','Max.Baumann@mail.com','schwarz',152,'Nein','jüdisch','männlich',707,NULL),
	('1955-08-26','Olga','Bosch','2016-06-28 10:21:17','Olga.Bosch@mail.com','blond',156,'Ja','evangelisch','weiblich',708,NULL),
	('1979-01-04','Peter','Reiter','2016-06-28 10:21:17','Peter.Reiter@mail.com','schwarz',159,'Ja','römisch-katholisch','männlich',709,NULL),
	('1996-03-16','Christina','Müller','2016-06-28 10:21:17','Christina.Müller@mail.com','dunkel-blond',176,'Nein','römisch-katholisch','weiblich',710,NULL),
	('1976-07-23','Max','Bosch','2016-06-28 10:21:17','Max.Bosch@mail.com','rot',169,'Nein','evangelisch','männlich',711,NULL),
	('1951-02-23','Ulrike','Schulz','2016-06-28 10:21:17','Ulrike.Schulz@mail.com','rot',184,'Nein','muslimisch','weiblich',712,NULL),
	('1960-09-05','Meike','Reiter','2016-06-28 10:21:17','Meike.Reiter@mail.com','dunkel-blond',189,'Ja','muslimisch','weiblich',713,NULL),
	('1984-11-26','Nora','Müller','2016-06-28 10:21:17','Nora.Müller@mail.com','dunkel-blond',175,'Ja','jüdisch','weiblich',714,NULL),
	('1957-09-02','Benjamin','Baumann','2016-06-28 10:21:17','Benjamin.Baumann@mail.com','blond',175,'Nein','jüdisch','männlich',715,NULL),
	('1979-03-25','Christina','Müller','2016-06-28 10:21:17','Christina.Müller@mail.com','schwarz',150,'Ja','muslimisch','weiblich',716,NULL),
	('1955-10-19','Meike','Baumann','2016-06-28 10:21:17','Meike.Baumann@mail.com','brünett',170,'Ja','muslimisch','weiblich',717,NULL),
	('1964-09-28','Christopher','Bosch','2016-06-28 10:21:17','Christopher.Bosch@mail.com','rot',187,'Nein','römisch-orthodox','männlich',718,NULL),
	('1993-02-19','Ulrike','Bosch','2016-06-28 10:21:17','Ulrike.Bosch@mail.com','schwarz',180,'Ja','römisch-katholisch','weiblich',719,NULL),
	('1959-05-29','Florian','Bosch','2016-06-28 10:21:17','Florian.Bosch@mail.com','schwarz',174,'Nein','muslimisch','männlich',720,NULL),
	('1953-01-23','Johannes','Bosch','2016-06-28 10:21:18','Johannes.Bosch@mail.com','dunkel-blond',150,'Nein','evangelisch','männlich',721,NULL),
	('1986-07-23','Christopher','Reiter','2016-06-28 10:21:18','Christopher.Reiter@mail.com','schwarz',182,'Nein','römisch-katholisch','männlich',722,NULL),
	('1980-11-26','Christina','Müller','2016-06-28 10:21:18','Christina.Müller@mail.com','rot',184,'Ja','römisch-orthodox','weiblich',723,NULL),
	('1981-03-03','Christina','Bosch','2016-06-28 10:21:18','Christina.Bosch@mail.com','blond',159,'Nein','römisch-orthodox','weiblich',724,NULL),
	('1993-10-04','Nora','Schulz','2016-06-28 10:21:18','Nora.Schulz@mail.com','rot',168,'Ja','jüdisch','weiblich',725,NULL),
	('1971-02-15','Johannes','Baumann','2016-06-28 10:21:18','Johannes.Baumann@mail.com','rot',150,'Nein','römisch-orthodox','männlich',726,NULL),
	('1987-02-02','Daniel','Bosch','2016-06-28 10:21:18','Daniel.Bosch@mail.com','blond',180,'Ja','evangelisch','männlich',727,NULL),
	('1978-07-12','Christopher','Schulz','2016-06-28 10:21:18','Christopher.Schulz@mail.com','rot',162,'Ja','evangelisch','männlich',728,NULL),
	('1964-06-10','Max','Reiter','2016-06-28 10:21:18','Max.Reiter@mail.com','dunkel-blond',163,'Nein','römisch-orthodox','männlich',729,NULL),
	('1988-05-12','Christina','Bosch','2016-06-28 10:21:18','Christina.Bosch@mail.com','schwarz',173,'Ja','römisch-katholisch','weiblich',730,NULL),
	('1983-03-01','Max','Schulz','2016-06-28 10:21:18','Max.Schulz@mail.com','blond',175,'Nein','muslimisch','männlich',731,NULL),
	('1954-08-22','Peter','Reiter','2016-06-28 10:21:18','Peter.Reiter@mail.com','dunkel-blond',161,'Nein','römisch-orthodox','männlich',732,NULL),
	('1966-09-29','Meike','Baumann','2016-06-28 10:21:18','Meike.Baumann@mail.com','blond',181,'Ja','muslimisch','weiblich',733,NULL),
	('1996-03-02','Benjamin','Bosch','2016-06-28 10:21:18','Benjamin.Bosch@mail.com','dunkel-blond',155,'Nein','muslimisch','männlich',734,NULL),
	('1953-07-10','Florian','Schulz','2016-06-28 10:21:18','Florian.Schulz@mail.com','brünett',162,'Ja','jüdisch','männlich',735,NULL),
	('1969-03-27','Meike','Reiter','2016-06-28 10:21:18','Meike.Reiter@mail.com','rot',155,'Ja','muslimisch','weiblich',736,NULL),
	('1969-08-14','Benjamin','Schulz','2016-06-28 10:21:18','Benjamin.Schulz@mail.com','blond',167,'Nein','römisch-orthodox','männlich',737,NULL),
	('1993-03-05','Christina','Schulz','2016-06-28 10:21:18','Christina.Schulz@mail.com','schwarz',185,'Ja','jüdisch','weiblich',738,NULL),
	('1949-09-10','Christina','Reiter','2016-06-28 10:21:18','Christina.Reiter@mail.com','brünett',166,'Ja','muslimisch','weiblich',739,NULL),
	('1961-11-09','Paula','Bosch','2016-06-28 10:21:18','Paula.Bosch@mail.com','dunkel-blond',169,'Nein','jüdisch','weiblich',740,NULL),
	('1958-04-22','Petra','Bosch','2016-06-28 10:21:18','Petera.Bosch@mail.com','dunkel-blond',171,'Nein','römisch-katholisch','weiblich',741,'2016-06-30 14:55:32'),
	('1980-01-19','Max','Schulz','2016-06-28 10:21:18','Max.Schulz@mail.com','dunkel-blond',176,'Nein','römisch-orthodox','männlich',742,NULL),
	('1971-05-29','Johannes','Bosch','2016-06-28 10:21:18','Johannes.Bosch@mail.com','rot',156,'Ja','muslimisch','männlich',743,NULL),
	('1987-07-16','Ulrike','Schulz','2016-06-28 10:21:18','Ulrike.Schulz@mail.com','brünett',156,'Nein','römisch-orthodox','weiblich',744,NULL),
	('1962-05-18','Caroline','Müller','2016-06-28 10:21:18','Caroline.Müller@mail.com','schwarz',153,'Ja','muslimisch','weiblich',745,NULL),
	('1964-02-21','Daniel','Müller','2016-06-28 10:21:18','Daniel.Müller@mail.com','schwarz',174,'Nein','muslimisch','männlich',746,NULL),
	('1984-09-25','Ulrike','Schulz','2016-06-28 10:21:18','Ulrike.Schulz@mail.com','schwarz',187,'Nein','muslimisch','weiblich',747,NULL),
	('1964-11-08','Christopher','Müller','2016-06-28 10:21:18','Christopher.Müller@mail.com','rot',179,'Nein','römisch-katholisch','männlich',748,NULL),
	('1978-03-14','Florian','Müller','2016-06-28 10:21:18','Florian.Müller@mail.com','dunkel-blond',184,'Nein','muslimisch','männlich',749,NULL),
	('1950-02-10','Caroline','Schulz','2016-06-28 10:21:18','Caroline.Schulz@mail.com','blond',175,'Ja','evangelisch','weiblich',750,NULL),
	('1982-05-07','Olga','Baumann','2016-06-28 10:21:18','Olga.Baumann@mail.com','rot',173,'Ja','römisch-katholisch','weiblich',751,NULL),
	('1953-10-19','Peter','Müller','2016-06-28 10:21:18','Peter.Müller@mail.com','brünett',176,'Nein','jüdisch','männlich',752,NULL),
	('1982-05-27','Peter','Schulz','2016-06-28 10:21:18','Peter.Schulz@mail.com','schwarz',170,'Ja','römisch-katholisch','männlich',753,NULL),
	('1971-11-02','Christina','Bosch','2016-06-28 10:21:18','Christina.Bosch@mail.com','dunkel-blond',160,'Ja','evangelisch','weiblich',754,NULL),
	('1998-10-25','Paula','Bosch','2016-06-28 10:21:18','Paula.Bosch@mail.com','brünett',178,'Ja','muslimisch','weiblich',755,NULL),
	('1985-09-14','Ulrike','Reiter','2016-06-28 10:21:18','Ulrike.Reiter@mail.com','schwarz',155,'Ja','römisch-orthodox','weiblich',756,NULL),
	('1996-03-29','Ulrike','Bosch','2016-06-28 10:21:18','Ulrike.Bosch@mail.com','schwarz',159,'Nein','römisch-katholisch','weiblich',757,NULL),
	('1992-08-12','Max','Bosch','2016-06-28 10:21:18','Max.Bosch@mail.com','brünett',156,'Ja','evangelisch','männlich',758,NULL),
	('1988-10-11','Petra','Bosch','2016-06-28 10:21:18','Petera.Bosch@mail.com','brünett',161,'Ja','muslimisch','weiblich',759,'2016-06-30 14:55:32'),
	('1953-09-20','Max','Schulz','2016-06-28 10:21:18','Max.Schulz@mail.com','brünett',180,'Nein','römisch-katholisch','männlich',760,NULL),
	('1975-07-26','Christina','Bosch','2016-06-28 10:21:18','Christina.Bosch@mail.com','blond',152,'Nein','muslimisch','weiblich',761,NULL),
	('1972-02-01','Daniel','Schulz','2016-06-28 10:21:18','Daniel.Schulz@mail.com','dunkel-blond',187,'Ja','römisch-katholisch','männlich',762,NULL),
	('1998-09-01','Peter','Reiter','2016-06-28 10:21:18','Peter.Reiter@mail.com','blond',189,'Ja','evangelisch','männlich',763,NULL),
	('1995-04-25','Caroline','Schulz','2016-06-28 10:21:18','Caroline.Schulz@mail.com','blond',164,'Nein','evangelisch','weiblich',764,NULL),
	('1956-01-14','Peter','Reiter','2016-06-28 10:21:18','Peter.Reiter@mail.com','rot',173,'Nein','muslimisch','männlich',765,NULL),
	('1954-05-16','Ulrike','Baumann','2016-06-28 10:21:18','Ulrike.Baumann@mail.com','rot',157,'Ja','römisch-katholisch','weiblich',766,NULL),
	('1949-03-15','Benjamin','Schulz','2016-06-28 10:21:18','Benjamin.Schulz@mail.com','blond',173,'Ja','römisch-orthodox','männlich',767,NULL),
	('1986-09-16','Daniel','Baumann','2016-06-28 10:21:18','Daniel.Baumann@mail.com','dunkel-blond',180,'Nein','römisch-orthodox','männlich',768,NULL),
	('1960-03-02','Daniel','Reiter','2016-06-28 10:21:18','Daniel.Reiter@mail.com','rot',150,'Ja','evangelisch','männlich',769,NULL),
	('1952-08-23','Ulrike','Müller','2016-06-28 10:21:18','Ulrike.Müller@mail.com','blond',170,'Ja','römisch-orthodox','weiblich',770,NULL),
	('1978-09-01','Paula','Bosch','2016-06-28 10:21:18','Paula.Bosch@mail.com','blond',154,'Ja','römisch-katholisch','weiblich',771,NULL),
	('1991-06-07','Paul','Reiter','2016-06-28 10:21:18','Paul.Reiter@mail.com','brünett',155,'Nein','römisch-katholisch','männlich',772,NULL),
	('1952-05-05','Florian','Müller','2016-06-28 10:21:18','Florian.Müller@mail.com','schwarz',189,'Nein','muslimisch','männlich',773,NULL),
	('1972-07-08','Christopher','Bosch','2016-06-28 10:21:18','Christopher.Bosch@mail.com','blond',164,'Ja','römisch-orthodox','männlich',774,NULL),
	('1984-02-23','Lina','Müller','2016-06-28 10:21:18','Lina.Müller@mail.com','rot',172,'Ja','evangelisch','weiblich',775,NULL),
	('1949-03-01','Lina','Baumann','2016-06-28 10:21:18','Lina.Baumann@mail.com','dunkel-blond',163,'Nein','römisch-katholisch','weiblich',776,NULL),
	('1970-05-08','Christopher','Bosch','2016-06-28 10:21:18','Christopher.Bosch@mail.com','schwarz',161,'Nein','evangelisch','männlich',777,NULL),
	('1994-03-07','Max','Schulz','2016-06-28 10:21:18','Max.Schulz@mail.com','schwarz',163,'Nein','jüdisch','männlich',778,NULL),
	('1990-03-02','Christina','Bosch','2016-06-28 10:21:18','Christina.Bosch@mail.com','schwarz',180,'Ja','jüdisch','weiblich',779,NULL),
	('1970-09-02','Peter','Müller','2016-06-28 10:21:18','Peter.Müller@mail.com','dunkel-blond',172,'Nein','muslimisch','männlich',780,NULL),
	('1976-11-05','Benjamin','Baumann','2016-06-28 10:21:18','Benjamin.Baumann@mail.com','blond',163,'Ja','muslimisch','männlich',781,NULL),
	('1967-08-19','Christina','Bosch','2016-06-28 10:21:18','Christina.Bosch@mail.com','schwarz',150,'Ja','muslimisch','weiblich',782,NULL),
	('1978-05-16','Meike','Schulz','2016-06-28 10:21:18','Meike.Schulz@mail.com','brünett',178,'Ja','römisch-katholisch','weiblich',783,NULL),
	('1974-05-02','Benjamin','Bosch','2016-06-28 10:21:18','Benjamin.Bosch@mail.com','schwarz',167,'Ja','römisch-orthodox','männlich',784,NULL),
	('1984-07-02','Johannes','Schulz','2016-06-28 10:21:18','Johannes.Schulz@mail.com','rot',163,'Nein','jüdisch','männlich',785,NULL),
	('1972-06-17','Olga','Reiter','2016-06-28 10:21:18','Olga.Reiter@mail.com','schwarz',160,'Ja','römisch-orthodox','weiblich',786,NULL),
	('1964-10-11','Paula','Reiter','2016-06-28 10:21:18','Paula.Reiter@mail.com','blond',167,'Ja','römisch-orthodox','weiblich',787,NULL),
	('1962-11-24','Christopher','Schulz','2016-06-28 10:21:18','Christopher.Schulz@mail.com','rot',171,'Nein','römisch-orthodox','männlich',788,NULL),
	('1977-11-05','Johannes','Reiter','2016-06-28 10:21:18','Johannes.Reiter@mail.com','rot',163,'Ja','römisch-orthodox','männlich',789,NULL),
	('1978-11-23','Benjamin','Baumann','2016-06-28 10:21:18','Benjamin.Baumann@mail.com','dunkel-blond',183,'Nein','jüdisch','männlich',790,NULL),
	('1959-10-05','Lina','Bosch','2016-06-28 10:21:18','Lina.Bosch@mail.com','rot',156,'Nein','muslimisch','weiblich',791,NULL),
	('1977-06-14','Max','Baumann','2016-06-28 10:21:18','Max.Baumann@mail.com','schwarz',154,'Nein','römisch-katholisch','männlich',792,NULL),
	('1977-02-22','Max','Baumann','2016-06-28 10:21:18','Max.Baumann@mail.com','dunkel-blond',162,'Ja','römisch-katholisch','männlich',793,NULL),
	('1971-07-25','Ulrike','Reiter','2016-06-28 10:21:18','Ulrike.Reiter@mail.com','dunkel-blond',157,'Nein','evangelisch','weiblich',794,NULL),
	('1972-07-11','Peter','Baumann','2016-06-28 10:21:18','Peter.Baumann@mail.com','dunkel-blond',160,'Ja','römisch-orthodox','männlich',795,NULL),
	('1950-08-03','Max','Baumann','2016-06-28 10:21:18','Max.Baumann@mail.com','dunkel-blond',164,'Ja','muslimisch','männlich',796,NULL),
	('1958-08-13','Daniel','Bosch','2016-06-28 10:21:18','Daniel.Bosch@mail.com','schwarz',161,'Nein','muslimisch','männlich',797,NULL),
	('1986-10-18','Peter','Bosch','2016-06-28 10:21:18','Peter.Bosch@mail.com','schwarz',171,'Nein','jüdisch','männlich',798,NULL),
	('1979-01-20','Florian','Müller','2016-06-28 10:21:18','Florian.Müller@mail.com','dunkel-blond',189,'Nein','römisch-orthodox','männlich',799,NULL),
	('1992-11-07','Christina','Baumann','2016-06-28 10:21:18','Christina.Baumann@mail.com','rot',153,'Nein','muslimisch','weiblich',800,NULL),
	('1978-05-21','Christina','Müller','2016-06-28 10:21:18','Christina.Müller@mail.com','schwarz',169,'Ja','muslimisch','weiblich',801,NULL),
	('1991-01-26','Ulrike','Bosch','2016-06-28 10:21:18','Ulrike.Bosch@mail.com','blond',184,'Nein','evangelisch','weiblich',802,NULL),
	('1975-11-03','Johannes','Reiter','2016-06-28 10:21:18','Johannes.Reiter@mail.com','blond',170,'Ja','jüdisch','männlich',803,NULL),
	('1952-11-17','Paul','Müller','2016-06-28 10:21:18','Paul.Müller@mail.com','rot',162,'Ja','römisch-katholisch','männlich',804,NULL),
	('1954-06-19','Johannes','Bosch','2016-06-28 10:21:18','Johannes.Bosch@mail.com','blond',170,'Nein','römisch-orthodox','männlich',805,NULL),
	('1960-07-19','Paul','Schulz','2016-06-28 10:21:18','Paul.Schulz@mail.com','blond',165,'Nein','römisch-katholisch','männlich',806,NULL),
	('1980-10-27','Benjamin','Schulz','2016-06-28 10:21:18','Benjamin.Schulz@mail.com','rot',153,'Nein','jüdisch','männlich',807,NULL),
	('1976-08-28','Caroline','Reiter','2016-06-28 10:21:18','Caroline.Reiter@mail.com','dunkel-blond',176,'Nein','römisch-orthodox','weiblich',808,NULL),
	('1972-04-14','Olga','Reiter','2016-06-28 10:21:18','Olga.Reiter@mail.com','dunkel-blond',157,'Nein','evangelisch','weiblich',809,NULL),
	('1969-10-16','Christina','Bosch','2016-06-28 10:21:18','Christina.Bosch@mail.com','rot',155,'Ja','römisch-katholisch','weiblich',810,NULL),
	('1991-11-10','Christopher','Bosch','2016-06-28 10:21:18','Christopher.Bosch@mail.com','schwarz',153,'Nein','römisch-orthodox','männlich',811,NULL),
	('1983-04-29','Paul','Müller','2016-06-28 10:21:18','Paul.Müller@mail.com','brünett',162,'Ja','römisch-katholisch','männlich',812,NULL),
	('1954-07-07','Petra','Bosch','2016-06-28 10:21:18','Petera.Bosch@mail.com','rot',153,'Nein','evangelisch','weiblich',813,'2016-06-30 14:55:32'),
	('1950-10-17','Nora','Baumann','2016-06-28 10:21:18','Nora.Baumann@mail.com','blond',162,'Nein','muslimisch','weiblich',814,NULL),
	('1949-09-08','Ulrike','Baumann','2016-06-28 10:21:18','Ulrike.Baumann@mail.com','blond',156,'Nein','römisch-katholisch','weiblich',815,NULL),
	('1963-01-19','Petra','Bosch','2016-06-28 10:21:18','Petera.Bosch@mail.com','rot',170,'Nein','jüdisch','weiblich',816,'2016-06-30 14:55:32'),
	('1953-08-03','Paul','Bosch','2016-06-28 10:21:18','Paul.Bosch@mail.com','dunkel-blond',177,'Ja','römisch-orthodox','männlich',817,NULL),
	('1966-06-28','Paul','Baumann','2016-06-28 10:21:18','Paul.Baumann@mail.com','rot',179,'Ja','evangelisch','männlich',818,NULL),
	('1984-04-26','Benjamin','Müller','2016-06-28 10:21:18','Benjamin.Müller@mail.com','blond',186,'Nein','römisch-katholisch','männlich',819,NULL),
	('1978-04-14','Meike','Baumann','2016-06-28 10:21:18','Meike.Baumann@mail.com','dunkel-blond',152,'Ja','muslimisch','weiblich',820,NULL),
	('1975-10-27','Johannes','Reiter','2016-06-28 10:21:18','Johannes.Reiter@mail.com','brünett',179,'Nein','muslimisch','männlich',821,NULL),
	('1951-06-16','Nora','Reiter','2016-06-28 10:21:18','Nora.Reiter@mail.com','dunkel-blond',182,'Nein','muslimisch','weiblich',822,NULL),
	('1954-10-25','Johannes','Reiter','2016-06-28 10:21:18','Johannes.Reiter@mail.com','blond',162,'Ja','römisch-orthodox','männlich',823,NULL),
	('1994-11-20','Johannes','Schulz','2016-06-28 10:21:18','Johannes.Schulz@mail.com','schwarz',165,'Nein','römisch-katholisch','männlich',824,NULL),
	('1992-06-20','Christopher','Reiter','2016-06-28 10:21:18','Christopher.Reiter@mail.com','blond',161,'Ja','jüdisch','männlich',825,NULL),
	('1986-07-18','Daniel','Schulz','2016-06-28 10:21:18','Daniel.Schulz@mail.com','brünett',188,'Nein','römisch-katholisch','männlich',826,NULL),
	('1958-01-15','Peter','Bosch','2016-06-28 10:21:18','Peter.Bosch@mail.com','brünett',151,'Nein','römisch-katholisch','männlich',827,NULL),
	('1957-11-23','Benjamin','Baumann','2016-06-28 10:21:18','Benjamin.Baumann@mail.com','schwarz',176,'Nein','evangelisch','männlich',828,NULL),
	('1998-02-16','Meike','Reiter','2016-06-28 10:21:18','Meike.Reiter@mail.com','dunkel-blond',187,'Nein','römisch-katholisch','weiblich',829,NULL),
	('1985-02-13','Lina','Reiter','2016-06-28 10:21:18','Lina.Reiter@mail.com','blond',189,'Nein','römisch-katholisch','weiblich',830,NULL),
	('1971-07-06','Ulrike','Reiter','2016-06-28 10:21:18','Ulrike.Reiter@mail.com','brünett',176,'Nein','jüdisch','weiblich',831,NULL),
	('1964-08-02','Ulrike','Baumann','2016-06-28 10:21:18','Ulrike.Baumann@mail.com','schwarz',187,'Ja','römisch-katholisch','weiblich',832,NULL),
	('1978-09-29','Johannes','Baumann','2016-06-28 10:21:18','Johannes.Baumann@mail.com','dunkel-blond',177,'Ja','römisch-orthodox','männlich',833,NULL),
	('1975-09-18','Christopher','Bosch','2016-06-28 10:21:18','Christopher.Bosch@mail.com','dunkel-blond',162,'Ja','muslimisch','männlich',834,NULL),
	('1985-06-09','Paula','Baumann','2016-06-28 10:21:18','Paula.Baumann@mail.com','rot',182,'Nein','römisch-katholisch','weiblich',835,NULL),
	('1964-01-09','Ulrike','Müller','2016-06-28 10:21:18','Ulrike.Müller@mail.com','rot',173,'Nein','jüdisch','weiblich',836,NULL),
	('1956-01-09','Lina','Baumann','2016-06-28 10:21:18','Lina.Baumann@mail.com','dunkel-blond',180,'Nein','evangelisch','weiblich',837,NULL),
	('1982-04-20','Ulrike','Müller','2016-06-28 10:21:18','Ulrike.Müller@mail.com','blond',187,'Nein','muslimisch','weiblich',838,NULL),
	('1962-07-03','Nora','Reiter','2016-06-28 10:21:18','Nora.Reiter@mail.com','rot',178,'Nein','muslimisch','weiblich',839,NULL),
	('1960-05-22','Christina','Bosch','2016-06-28 10:21:18','Christina.Bosch@mail.com','rot',152,'Ja','evangelisch','weiblich',840,NULL),
	('1989-01-04','Paul','Baumann','2016-06-28 10:21:18','Paul.Baumann@mail.com','blond',174,'Nein','römisch-katholisch','männlich',841,NULL),
	('1996-01-17','Ulrike','Baumann','2016-06-28 10:21:18','Ulrike.Baumann@mail.com','dunkel-blond',184,'Ja','römisch-katholisch','weiblich',842,NULL),
	('1974-01-12','Johannes','Schulz','2016-06-28 10:21:18','Johannes.Schulz@mail.com','rot',171,'Ja','jüdisch','männlich',843,NULL),
	('1966-10-15','Johannes','Reiter','2016-06-28 10:21:18','Johannes.Reiter@mail.com','brünett',173,'Nein','römisch-katholisch','männlich',844,NULL),
	('1965-10-19','Paul','Baumann','2016-06-28 10:21:18','Paul.Baumann@mail.com','schwarz',157,'Ja','römisch-orthodox','männlich',845,NULL),
	('1962-10-14','Benjamin','Schulz','2016-06-28 10:21:18','Benjamin.Schulz@mail.com','rot',179,'Ja','römisch-orthodox','männlich',846,NULL),
	('1973-05-01','Nora','Baumann','2016-06-28 10:21:18','Nora.Baumann@mail.com','schwarz',186,'Nein','römisch-katholisch','weiblich',847,NULL),
	('1999-03-08','Christopher','Schulz','2016-06-28 10:21:18','Christopher.Schulz@mail.com','rot',178,'Ja','jüdisch','männlich',848,NULL),
	('1975-08-14','Olga','Schulz','2016-06-28 10:21:18','Olga.Schulz@mail.com','rot',162,'Ja','römisch-orthodox','weiblich',849,NULL),
	('1978-08-20','Lina','Bosch','2016-06-28 10:21:18','Lina.Bosch@mail.com','rot',171,'Ja','evangelisch','weiblich',850,NULL),
	('1964-08-01','Lina','Müller','2016-06-28 10:21:18','Lina.Müller@mail.com','blond',184,'Ja','römisch-katholisch','weiblich',851,NULL),
	('1979-04-05','Florian','Baumann','2016-06-28 10:21:18','Florian.Baumann@mail.com','schwarz',162,'Ja','evangelisch','männlich',852,NULL),
	('1994-05-05','Benjamin','Bosch','2016-06-28 10:21:18','Benjamin.Bosch@mail.com','dunkel-blond',151,'Nein','muslimisch','männlich',853,NULL),
	('1953-04-24','Christina','Baumann','2016-06-28 10:21:18','Christina.Baumann@mail.com','rot',178,'Nein','muslimisch','weiblich',854,NULL),
	('1963-08-27','Johannes','Reiter','2016-06-28 10:21:18','Johannes.Reiter@mail.com','schwarz',158,'Ja','muslimisch','männlich',855,NULL),
	('1965-11-28','Peter','Bosch','2016-06-28 10:21:18','Peter.Bosch@mail.com','schwarz',164,'Nein','römisch-orthodox','männlich',856,NULL),
	('1986-03-12','Nora','Bosch','2016-06-28 10:21:18','Nora.Bosch@mail.com','schwarz',188,'Nein','römisch-katholisch','weiblich',857,NULL),
	('1998-09-19','Peter','Bosch','2016-06-28 10:21:18','Peter.Bosch@mail.com','blond',175,'Nein','muslimisch','männlich',858,NULL),
	('1951-06-15','Christopher','Baumann','2016-06-28 10:21:18','Christopher.Baumann@mail.com','schwarz',155,'Ja','evangelisch','männlich',859,NULL),
	('1978-03-05','Paul','Baumann','2016-06-28 10:21:18','Paul.Baumann@mail.com','rot',168,'Nein','evangelisch','männlich',860,NULL),
	('1955-10-07','Peter','Baumann','2016-06-28 10:21:18','Peter.Baumann@mail.com','dunkel-blond',176,'Ja','evangelisch','männlich',861,NULL),
	('1987-07-02','Paul','Bosch','2016-06-28 10:21:18','Paul.Bosch@mail.com','schwarz',156,'Nein','muslimisch','männlich',862,NULL),
	('1992-03-27','Christopher','Schulz','2016-06-28 10:21:18','Christopher.Schulz@mail.com','rot',169,'Nein','römisch-katholisch','männlich',863,NULL),
	('1953-09-02','Meike','Baumann','2016-06-28 10:21:18','Meike.Baumann@mail.com','brünett',169,'Nein','evangelisch','weiblich',864,NULL),
	('1989-11-06','Florian','Reiter','2016-06-28 10:21:18','Florian.Reiter@mail.com','schwarz',157,'Nein','römisch-orthodox','männlich',865,NULL),
	('1957-08-13','Johannes','Reiter','2016-06-28 10:21:18','Johannes.Reiter@mail.com','brünett',152,'Ja','römisch-orthodox','männlich',866,NULL),
	('1956-06-29','Ulrike','Baumann','2016-06-28 10:21:18','Ulrike.Baumann@mail.com','dunkel-blond',167,'Nein','römisch-katholisch','weiblich',867,NULL),
	('1960-03-23','Meike','Baumann','2016-06-28 10:21:18','Meike.Baumann@mail.com','blond',173,'Nein','jüdisch','weiblich',868,NULL),
	('1978-02-15','Paul','Baumann','2016-06-28 10:21:18','Paul.Baumann@mail.com','dunkel-blond',163,'Ja','jüdisch','männlich',869,NULL),
	('1991-08-07','Daniel','Schulz','2016-06-28 10:21:18','Daniel.Schulz@mail.com','schwarz',181,'Ja','evangelisch','männlich',870,NULL),
	('1968-04-16','Florian','Bosch','2016-06-28 10:21:18','Florian.Bosch@mail.com','blond',167,'Nein','evangelisch','männlich',871,NULL),
	('1998-11-05','Paula','Baumann','2016-06-28 10:21:18','Paula.Baumann@mail.com','schwarz',158,'Ja','jüdisch','weiblich',872,NULL),
	('1981-11-18','Florian','Müller','2016-06-28 10:21:18','Florian.Müller@mail.com','schwarz',187,'Nein','evangelisch','männlich',873,NULL),
	('1975-02-14','Peter','Müller','2016-06-28 10:21:18','Peter.Müller@mail.com','dunkel-blond',170,'Nein','muslimisch','männlich',874,NULL),
	('1996-06-16','Benjamin','Schulz','2016-06-28 10:21:18','Benjamin.Schulz@mail.com','brünett',169,'Ja','muslimisch','männlich',875,NULL),
	('1989-09-08','Max','Baumann','2016-06-28 10:21:18','Max.Baumann@mail.com','schwarz',179,'Nein','römisch-orthodox','männlich',876,NULL),
	('1955-10-16','Paula','Schulz','2016-06-28 10:21:18','Paula.Schulz@mail.com','dunkel-blond',173,'Ja','römisch-orthodox','weiblich',877,NULL),
	('1999-01-16','Florian','Schulz','2016-06-28 10:21:18','Florian.Schulz@mail.com','dunkel-blond',184,'Nein','evangelisch','männlich',878,NULL),
	('1965-05-28','Daniel','Reiter','2016-06-28 10:21:18','Daniel.Reiter@mail.com','brünett',189,'Ja','muslimisch','männlich',879,NULL),
	('1966-04-12','Olga','Reiter','2016-06-28 10:21:18','Olga.Reiter@mail.com','schwarz',151,'Ja','muslimisch','weiblich',880,NULL),
	('1971-04-26','Christina','Baumann','2016-06-28 10:21:18','Christina.Baumann@mail.com','rot',185,'Ja','römisch-katholisch','weiblich',881,NULL),
	('1990-06-17','Paul','Reiter','2016-06-28 10:21:18','Paul.Reiter@mail.com','rot',184,'Ja','römisch-katholisch','männlich',882,NULL),
	('1950-08-16','Max','Müller','2016-06-28 10:21:18','Max.Müller@mail.com','blond',155,'Ja','römisch-katholisch','männlich',883,NULL),
	('1991-03-11','Benjamin','Baumann','2016-06-28 10:21:18','Benjamin.Baumann@mail.com','schwarz',176,'Ja','muslimisch','männlich',884,NULL),
	('1977-01-26','Ulrike','Baumann','2016-06-28 10:21:18','Ulrike.Baumann@mail.com','brünett',168,'Nein','muslimisch','weiblich',885,NULL),
	('1957-04-18','Ulrike','Müller','2016-06-28 10:21:18','Ulrike.Müller@mail.com','blond',178,'Nein','jüdisch','weiblich',886,NULL),
	('1959-03-08','Paul','Schulz','2016-06-28 10:21:18','Paul.Schulz@mail.com','rot',157,'Nein','muslimisch','männlich',887,NULL),
	('1986-01-15','Paul','Reiter','2016-06-28 10:21:18','Paul.Reiter@mail.com','brünett',175,'Ja','römisch-katholisch','männlich',888,NULL),
	('1999-03-09','Peter','Reiter','2016-06-28 10:21:18','Peter.Reiter@mail.com','brünett',155,'Nein','jüdisch','männlich',889,NULL),
	('1952-07-10','Lina','Schulz','2016-06-28 10:21:18','Lina.Schulz@mail.com','rot',175,'Nein','römisch-orthodox','weiblich',890,NULL),
	('1996-10-10','Florian','Müller','2016-06-28 10:21:18','Florian.Müller@mail.com','rot',179,'Ja','jüdisch','männlich',891,NULL),
	('1971-07-18','Daniel','Müller','2016-06-28 10:21:18','Daniel.Müller@mail.com','blond',174,'Nein','muslimisch','männlich',892,NULL),
	('1976-08-03','Max','Müller','2016-06-28 10:21:18','Max.Müller@mail.com','dunkel-blond',162,'Nein','römisch-orthodox','männlich',893,NULL),
	('1960-08-20','Christopher','Baumann','2016-06-28 10:21:18','Christopher.Baumann@mail.com','dunkel-blond',175,'Nein','römisch-orthodox','männlich',894,NULL),
	('1966-06-06','Nora','Bosch','2016-06-28 10:21:18','Nora.Bosch@mail.com','schwarz',182,'Ja','jüdisch','weiblich',895,NULL),
	('1967-03-09','Nora','Müller','2016-06-28 10:21:18','Nora.Müller@mail.com','brünett',187,'Ja','muslimisch','weiblich',896,NULL),
	('1999-04-29','Petra','Reiter','2016-06-28 10:21:18','Petera.Reiter@mail.com','brünett',182,'Nein','muslimisch','weiblich',897,'2016-06-30 14:55:32'),
	('1970-09-02','Paula','Baumann','2016-06-28 10:21:18','Paula.Baumann@mail.com','rot',179,'Ja','evangelisch','weiblich',898,NULL),
	('1954-01-13','Max','Reiter','2016-06-28 10:21:18','Max.Reiter@mail.com','brünett',181,'Nein','muslimisch','männlich',899,NULL),
	('1960-06-06','Christina','Schulz','2016-06-28 10:21:18','Christina.Schulz@mail.com','rot',169,'Nein','muslimisch','weiblich',900,NULL),
	('1969-02-27','Christopher','Baumann','2016-06-28 10:21:18','Christopher.Baumann@mail.com','blond',182,'Nein','muslimisch','männlich',901,NULL),
	('1968-08-27','Petra','Müller','2016-06-28 10:21:18','Petera.Müller@mail.com','dunkel-blond',155,'Ja','muslimisch','weiblich',902,'2016-06-30 14:55:32'),
	('1973-11-06','Ulrike','Müller','2016-06-28 10:21:18','Ulrike.Müller@mail.com','schwarz',161,'Nein','muslimisch','weiblich',903,NULL),
	('1971-02-26','Paul','Bosch','2016-06-28 10:21:18','Paul.Bosch@mail.com','dunkel-blond',160,'Nein','römisch-orthodox','männlich',904,NULL),
	('1987-02-03','Peter','Bosch','2016-06-28 10:21:18','Peter.Bosch@mail.com','schwarz',165,'Nein','römisch-katholisch','männlich',905,NULL),
	('1971-09-10','Paula','Bosch','2016-06-28 10:21:18','Paula.Bosch@mail.com','rot',176,'Ja','römisch-katholisch','weiblich',906,NULL),
	('1960-04-02','Max','Bosch','2016-06-28 10:21:18','Max.Bosch@mail.com','dunkel-blond',155,'Nein','römisch-katholisch','männlich',907,NULL),
	('1995-04-17','Ulrike','Müller','2016-06-28 10:21:18','Ulrike.Müller@mail.com','rot',183,'Nein','römisch-katholisch','weiblich',908,NULL),
	('1994-03-06','Johannes','Baumann','2016-06-28 10:21:18','Johannes.Baumann@mail.com','schwarz',177,'Ja','evangelisch','männlich',909,NULL),
	('1982-01-29','Max','Baumann','2016-06-28 10:21:18','Max.Baumann@mail.com','dunkel-blond',178,'Ja','muslimisch','männlich',910,NULL),
	('1977-04-02','Olga','Schulz','2016-06-28 10:21:18','Olga.Schulz@mail.com','schwarz',156,'Nein','muslimisch','weiblich',911,NULL),
	('1986-02-17','Christina','Bosch','2016-06-28 10:21:18','Christina.Bosch@mail.com','blond',175,'Nein','römisch-katholisch','weiblich',912,NULL),
	('1983-07-26','Lina','Schulz','2016-06-28 10:21:18','Lina.Schulz@mail.com','brünett',188,'Ja','römisch-katholisch','weiblich',913,NULL),
	('1952-06-14','Christopher','Baumann','2016-06-28 10:21:18','Christopher.Baumann@mail.com','dunkel-blond',185,'Ja','römisch-orthodox','männlich',914,NULL),
	('1996-03-07','Benjamin','Schulz','2016-06-28 10:21:18','Benjamin.Schulz@mail.com','rot',171,'Ja','römisch-katholisch','männlich',915,NULL),
	('1953-07-29','Meike','Müller','2016-06-28 10:21:18','Meike.Müller@mail.com','blond',170,'Ja','jüdisch','weiblich',916,NULL),
	('1961-09-07','Max','Müller','2016-06-28 10:21:18','Max.Müller@mail.com','rot',150,'Ja','muslimisch','männlich',917,NULL),
	('1962-05-18','Max','Schulz','2016-06-28 10:21:18','Max.Schulz@mail.com','brünett',183,'Nein','römisch-orthodox','männlich',918,NULL),
	('1983-10-12','Meike','Müller','2016-06-28 10:21:18','Meike.Müller@mail.com','dunkel-blond',186,'Ja','evangelisch','weiblich',919,NULL),
	('1992-09-29','Lina','Bosch','2016-06-28 10:21:18','Lina.Bosch@mail.com','brünett',159,'Ja','jüdisch','weiblich',920,NULL),
	('1970-04-14','Daniel','Reiter','2016-06-28 10:21:18','Daniel.Reiter@mail.com','rot',175,'Ja','evangelisch','männlich',921,NULL),
	('1953-05-15','Paula','Müller','2016-06-28 10:21:18','Paula.Müller@mail.com','blond',171,'Ja','römisch-katholisch','weiblich',922,NULL),
	('1954-09-27','Lina','Bosch','2016-06-28 10:21:18','Lina.Bosch@mail.com','schwarz',184,'Nein','evangelisch','weiblich',923,NULL),
	('1969-04-09','Paul','Reiter','2016-06-28 10:21:18','Paul.Reiter@mail.com','schwarz',151,'Ja','evangelisch','männlich',924,NULL),
	('1988-08-13','Lina','Reiter','2016-06-28 10:21:18','Lina.Reiter@mail.com','blond',161,'Ja','muslimisch','weiblich',925,NULL),
	('1966-07-28','Christopher','Reiter','2016-06-28 10:21:18','Christopher.Reiter@mail.com','rot',167,'Nein','evangelisch','männlich',926,NULL),
	('1960-05-22','Benjamin','Müller','2016-06-28 10:21:18','Benjamin.Müller@mail.com','rot',183,'Nein','jüdisch','männlich',927,NULL),
	('1984-01-15','Peter','Bosch','2016-06-28 10:21:18','Peter.Bosch@mail.com','dunkel-blond',155,'Ja','römisch-katholisch','männlich',928,NULL),
	('1997-10-21','Nora','Baumann','2016-06-28 10:21:18','Nora.Baumann@mail.com','dunkel-blond',171,'Nein','römisch-orthodox','weiblich',929,NULL),
	('1984-10-23','Benjamin','Baumann','2016-06-28 10:21:18','Benjamin.Baumann@mail.com','rot',162,'Ja','jüdisch','männlich',930,NULL),
	('1997-05-16','Johannes','Müller','2016-06-28 10:21:18','Johannes.Müller@mail.com','schwarz',175,'Ja','römisch-orthodox','männlich',931,NULL),
	('1978-10-11','Daniel','Müller','2016-06-28 10:21:18','Daniel.Müller@mail.com','blond',170,'Nein','evangelisch','männlich',932,NULL),
	('1985-06-16','Peter','Schulz','2016-06-28 10:21:18','Peter.Schulz@mail.com','blond',182,'Nein','muslimisch','männlich',933,NULL),
	('1961-10-16','Daniel','Müller','2016-06-28 10:21:18','Daniel.Müller@mail.com','dunkel-blond',174,'Ja','römisch-katholisch','männlich',934,NULL),
	('1967-10-24','Max','Schulz','2016-06-28 10:21:18','Max.Schulz@mail.com','brünett',176,'Ja','evangelisch','männlich',935,NULL),
	('1990-07-20','Paul','Schulz','2016-06-28 10:21:18','Paul.Schulz@mail.com','blond',166,'Nein','evangelisch','männlich',936,NULL),
	('1988-08-14','Daniel','Reiter','2016-06-28 10:21:18','Daniel.Reiter@mail.com','brünett',163,'Nein','römisch-orthodox','männlich',937,NULL),
	('1972-09-10','Christina','Schulz','2016-06-28 10:21:18','Christina.Schulz@mail.com','dunkel-blond',154,'Ja','römisch-orthodox','weiblich',938,NULL),
	('1995-03-01','Olga','Reiter','2016-06-28 10:21:18','Olga.Reiter@mail.com','rot',154,'Ja','jüdisch','weiblich',939,NULL),
	('1992-02-17','Max','Bosch','2016-06-28 10:21:18','Max.Bosch@mail.com','dunkel-blond',183,'Nein','evangelisch','männlich',940,NULL),
	('1975-06-16','Peter','Schulz','2016-06-28 10:21:18','Peter.Schulz@mail.com','schwarz',186,'Ja','jüdisch','männlich',941,NULL),
	('1998-06-16','Benjamin','Müller','2016-06-28 10:21:18','Benjamin.Müller@mail.com','brünett',152,'Ja','römisch-orthodox','männlich',942,NULL),
	('1975-07-25','Paula','Baumann','2016-06-28 10:21:18','Paula.Baumann@mail.com','dunkel-blond',167,'Ja','jüdisch','weiblich',943,NULL),
	('1963-09-26','Johannes','Reiter','2016-06-28 10:21:18','Johannes.Reiter@mail.com','brünett',189,'Ja','jüdisch','männlich',944,NULL),
	('1969-09-09','Christina','Reiter','2016-06-28 10:21:18','Christina.Reiter@mail.com','schwarz',155,'Nein','römisch-orthodox','weiblich',945,NULL),
	('1953-07-17','Paul','Reiter','2016-06-28 10:21:18','Paul.Reiter@mail.com','brünett',159,'Nein','römisch-orthodox','männlich',946,NULL),
	('1988-10-02','Christina','Reiter','2016-06-28 10:21:18','Christina.Reiter@mail.com','brünett',175,'Ja','römisch-orthodox','weiblich',947,NULL),
	('1986-09-28','Paul','Baumann','2016-06-28 10:21:18','Paul.Baumann@mail.com','rot',153,'Ja','muslimisch','männlich',948,NULL),
	('1976-05-19','Petra','Müller','2016-06-28 10:21:18','Petera.Müller@mail.com','dunkel-blond',168,'Ja','evangelisch','weiblich',949,'2016-06-30 14:55:32'),
	('1949-07-06','Petra','Müller','2016-06-28 10:21:18','Petera.Müller@mail.com','schwarz',168,'Ja','muslimisch','weiblich',950,'2016-06-30 14:55:32'),
	('1985-08-27','Max','Müller','2016-06-28 10:21:18','Max.Müller@mail.com','blond',154,'Nein','römisch-orthodox','männlich',951,NULL),
	('1954-11-03','Christopher','Reiter','2016-06-28 10:21:18','Christopher.Reiter@mail.com','schwarz',156,'Nein','römisch-katholisch','männlich',952,NULL),
	('1961-02-12','Olga','Baumann','2016-06-28 10:21:18','Olga.Baumann@mail.com','blond',168,'Ja','römisch-katholisch','weiblich',953,NULL),
	('1972-09-23','Paula','Müller','2016-06-28 10:21:18','Paula.Müller@mail.com','rot',164,'Nein','evangelisch','weiblich',954,NULL),
	('1992-05-28','Johannes','Müller','2016-06-28 10:21:18','Johannes.Müller@mail.com','dunkel-blond',186,'Ja','jüdisch','männlich',955,NULL),
	('1954-02-20','Christina','Schulz','2016-06-28 10:21:18','Christina.Schulz@mail.com','dunkel-blond',181,'Nein','römisch-orthodox','weiblich',956,NULL),
	('1981-10-01','Johannes','Schulz','2016-06-28 10:21:18','Johannes.Schulz@mail.com','rot',180,'Nein','muslimisch','männlich',957,NULL),
	('1975-06-22','Christopher','Baumann','2016-06-28 10:21:18','Christopher.Baumann@mail.com','schwarz',171,'Ja','römisch-katholisch','männlich',958,NULL),
	('1953-05-14','Petra','Baumann','2016-06-28 10:21:18','Petera.Baumann@mail.com','rot',173,'Nein','jüdisch','weiblich',959,'2016-06-30 14:55:32'),
	('1996-03-21','Christopher','Bosch','2016-06-28 10:21:18','Christopher.Bosch@mail.com','blond',182,'Nein','jüdisch','männlich',960,NULL),
	('1978-03-05','Johannes','Schulz','2016-06-28 10:21:18','Johannes.Schulz@mail.com','brünett',173,'Nein','jüdisch','männlich',961,NULL),
	('1971-09-08','Christopher','Müller','2016-06-28 10:21:18','Christopher.Müller@mail.com','brünett',174,'Nein','römisch-katholisch','männlich',962,NULL),
	('1992-08-14','Florian','Reiter','2016-06-28 10:21:18','Florian.Reiter@mail.com','brünett',157,'Nein','jüdisch','männlich',963,NULL),
	('1963-07-07','Petra','Reiter','2016-06-28 10:21:18','Petera.Reiter@mail.com','blond',151,'Ja','römisch-orthodox','weiblich',964,'2016-06-30 14:55:32'),
	('1984-07-16','Christina','Baumann','2016-06-28 10:21:18','Christina.Baumann@mail.com','blond',186,'Ja','muslimisch','weiblich',965,NULL),
	('1997-07-24','Peter','Schulz','2016-06-28 10:21:18','Peter.Schulz@mail.com','dunkel-blond',150,'Nein','römisch-katholisch','männlich',966,NULL),
	('1978-09-20','Max','Baumann','2016-06-28 10:21:18','Max.Baumann@mail.com','rot',171,'Nein','jüdisch','männlich',967,NULL),
	('1949-04-04','Daniel','Schulz','2016-06-28 10:21:18','Daniel.Schulz@mail.com','dunkel-blond',177,'Nein','evangelisch','männlich',968,NULL),
	('1970-05-04','Caroline','Schulz','2016-06-28 10:21:18','Caroline.Schulz@mail.com','rot',150,'Nein','muslimisch','weiblich',969,NULL),
	('1953-11-26','Ulrike','Baumann','2016-06-28 10:21:18','Ulrike.Baumann@mail.com','dunkel-blond',177,'Nein','evangelisch','weiblich',970,NULL),
	('1998-06-11','Olga','Reiter','2016-06-28 10:21:18','Olga.Reiter@mail.com','blond',158,'Ja','jüdisch','weiblich',971,NULL),
	('1985-09-05','Olga','Reiter','2016-06-28 10:21:18','Olga.Reiter@mail.com','rot',155,'Nein','römisch-orthodox','weiblich',972,NULL),
	('1966-07-16','Lina','Baumann','2016-06-28 10:21:18','Lina.Baumann@mail.com','brünett',183,'Ja','römisch-katholisch','weiblich',973,NULL),
	('1985-11-04','Johannes','Müller','2016-06-28 10:21:18','Johannes.Müller@mail.com','dunkel-blond',154,'Ja','muslimisch','männlich',974,NULL),
	('1988-10-18','Peter','Baumann','2016-06-28 10:21:18','Peter.Baumann@mail.com','rot',152,'Ja','römisch-orthodox','männlich',975,NULL),
	('1993-11-19','Peter','Reiter','2016-06-28 10:21:18','Peter.Reiter@mail.com','brünett',151,'Nein','jüdisch','männlich',976,NULL),
	('1980-02-20','Johannes','Baumann','2016-06-28 10:21:18','Johannes.Baumann@mail.com','dunkel-blond',183,'Ja','jüdisch','männlich',977,NULL),
	('1949-04-20','Peter','Baumann','2016-06-28 10:21:18','Peter.Baumann@mail.com','dunkel-blond',185,'Nein','muslimisch','männlich',978,NULL),
	('1976-02-01','Florian','Müller','2016-06-28 10:21:18','Florian.Müller@mail.com','schwarz',168,'Nein','römisch-katholisch','männlich',979,NULL),
	('1995-08-18','Christina','Bosch','2016-06-28 10:21:18','Christina.Bosch@mail.com','brünett',172,'Ja','römisch-orthodox','weiblich',980,NULL),
	('1990-03-16','Max','Müller','2016-06-28 10:21:18','Max.Müller@mail.com','schwarz',166,'Ja','römisch-orthodox','männlich',981,NULL),
	('1951-10-28','Olga','Baumann','2016-06-28 10:21:18','Olga.Baumann@mail.com','brünett',150,'Nein','muslimisch','weiblich',982,NULL),
	('1957-06-12','Christina','Baumann','2016-06-28 10:21:18','Christina.Baumann@mail.com','rot',160,'Ja','muslimisch','weiblich',983,NULL),
	('1963-09-10','Florian','Baumann','2016-06-28 10:21:18','Florian.Baumann@mail.com','dunkel-blond',181,'Ja','muslimisch','männlich',984,NULL),
	('1983-10-19','Florian','Baumann','2016-06-28 10:21:18','Florian.Baumann@mail.com','schwarz',165,'Ja','römisch-orthodox','männlich',985,NULL),
	('1959-08-12','Daniel','Baumann','2016-06-28 10:21:18','Daniel.Baumann@mail.com','dunkel-blond',162,'Ja','muslimisch','männlich',986,NULL),
	('1971-04-09','Lina','Baumann','2016-06-28 10:21:18','Lina.Baumann@mail.com','blond',167,'Nein','römisch-orthodox','weiblich',987,NULL),
	('1988-11-01','Christina','Schulz','2016-06-28 10:21:18','Christina.Schulz@mail.com','blond',176,'Ja','evangelisch','weiblich',988,NULL),
	('1983-04-16','Meike','Müller','2016-06-28 10:21:18','Meike.Müller@mail.com','blond',187,'Ja','römisch-orthodox','weiblich',989,NULL),
	('1951-10-28','Benjamin','Müller','2016-06-28 10:21:18','Benjamin.Müller@mail.com','brünett',180,'Ja','evangelisch','männlich',990,NULL),
	('1990-06-01','Ulrike','Müller','2016-06-28 10:21:18','Ulrike.Müller@mail.com','rot',183,'Ja','jüdisch','weiblich',991,NULL),
	('1968-08-27','Ulrike','Müller','2016-06-28 10:21:18','Ulrike.Müller@mail.com','blond',174,'Nein','jüdisch','weiblich',992,NULL),
	('1968-08-10','Max','Schulz','2016-06-28 10:21:18','Max.Schulz@mail.com','blond',179,'Nein','jüdisch','männlich',993,NULL),
	('1997-09-25','Max','Reiter','2016-06-28 10:21:18','Max.Reiter@mail.com','brünett',167,'Nein','evangelisch','männlich',994,NULL),
	('1980-03-07','Benjamin','Reiter','2016-06-28 10:21:18','Benjamin.Reiter@mail.com','rot',160,'Ja','römisch-katholisch','männlich',995,NULL),
	('1961-05-14','Paul','Schulz','2016-06-28 10:21:18','Paul.Schulz@mail.com','rot',161,'Nein','jüdisch','männlich',996,NULL),
	('1981-10-02','Daniel','Bosch','2016-06-28 10:21:18','Daniel.Bosch@mail.com','blond',187,'Nein','muslimisch','männlich',997,NULL),
	('1971-09-12','Caroline','Reiter','2016-06-28 10:21:18','Caroline.Reiter@mail.com','dunkel-blond',161,'Ja','evangelisch','weiblich',998,NULL),
	('1972-08-05','Max','Reiter','2016-06-28 10:21:18','Max.Reiter@mail.com','brünett',178,'Ja','römisch-orthodox','männlich',999,NULL),
	('1975-07-25','Ulrike','Baumann','2016-06-28 10:21:18','Ulrike.Baumann@mail.com','brünett',168,'Nein','römisch-orthodox','weiblich',1000,NULL),
	('1989-06-13','Christina','Müller','2016-06-28 10:21:18','Christina.Müller@mail.com','blond',189,'Ja','jüdisch','weiblich',1001,NULL),
	('1992-05-11','Benjamin','Schulz','2016-06-28 10:21:18','Benjamin.Schulz@mail.com','brünett',189,'Nein','evangelisch','männlich',1002,NULL),
	('1968-04-16','Paul','Müller','2016-06-28 10:21:19','Paul.Müller@mail.com','blond',150,'Nein','römisch-orthodox','männlich',1003,NULL),
	('1970-10-11','Johannes','Reiter','2016-06-28 10:21:19','Johannes.Reiter@mail.com','brünett',188,'Nein','muslimisch','männlich',1004,NULL),
	('1959-01-17','Florian','Baumann','2016-06-28 10:21:19','Florian.Baumann@mail.com','dunkel-blond',161,'Nein','römisch-katholisch','männlich',1005,NULL),
	('1996-11-17','Caroline','Müller','2016-06-28 10:21:19','Caroline.Müller@mail.com','schwarz',153,'Nein','evangelisch','weiblich',1006,NULL),
	('1961-07-19','Ulrike','Baumann','2016-06-28 10:21:19','Ulrike.Baumann@mail.com','dunkel-blond',188,'Nein','muslimisch','weiblich',1007,NULL),
	('1975-10-22','Paul','Baumann','2016-06-28 10:21:19','Paul.Baumann@mail.com','schwarz',165,'Ja','evangelisch','männlich',1008,NULL),
	('1961-11-29','Christina','Schulz','2016-06-28 10:21:19','Christina.Schulz@mail.com','blond',160,'Nein','evangelisch','weiblich',1009,NULL),
	('1960-04-24','Paul','Müller','2016-06-28 10:21:19','Paul.Müller@mail.com','brünett',168,'Ja','jüdisch','männlich',1010,NULL),
	('1973-06-16','Petra','Müller','2016-06-28 10:21:19','Petera.Müller@mail.com','brünett',157,'Ja','muslimisch','weiblich',1011,'2016-06-30 14:55:32'),
	('1993-02-21','Paul','Reiter','2016-06-28 10:21:19','Paul.Reiter@mail.com','brünett',172,'Ja','muslimisch','männlich',1012,NULL),
	('1997-04-05','Christopher','Baumann','2016-06-28 10:21:19','Christopher.Baumann@mail.com','rot',177,'Ja','muslimisch','männlich',1013,NULL),
	('1986-07-17','Christopher','Baumann','2016-06-28 10:21:19','Christopher.Baumann@mail.com','rot',168,'Ja','römisch-orthodox','männlich',1014,NULL),
	('1956-06-05','Meike','Schulz','2016-06-28 10:21:19','Meike.Schulz@mail.com','rot',177,'Nein','römisch-orthodox','weiblich',1015,NULL),
	('1969-11-23','Christina','Müller','2016-06-28 10:21:19','Christina.Müller@mail.com','blond',186,'Nein','römisch-orthodox','weiblich',1016,NULL),
	('1971-04-27','Paul','Reiter','2016-06-28 10:21:19','Paul.Reiter@mail.com','blond',158,'Ja','römisch-orthodox','männlich',1017,NULL),
	('1963-03-14','Johannes','Reiter','2016-06-28 10:21:19','Johannes.Reiter@mail.com','dunkel-blond',187,'Nein','römisch-katholisch','männlich',1018,NULL),
	('1976-03-21','Christopher','Müller','2016-06-28 10:21:19','Christopher.Müller@mail.com','blond',154,'Ja','evangelisch','männlich',1019,NULL),
	('1950-03-07','Florian','Schulz','2016-06-28 10:21:19','Florian.Schulz@mail.com','rot',183,'Nein','römisch-katholisch','männlich',1020,NULL),
	('1981-04-06','Johannes','Bosch','2016-06-28 10:21:19','Johannes.Bosch@mail.com','brünett',176,'Ja','muslimisch','männlich',1021,NULL),
	('1970-03-08','Max','Reiter','2016-06-28 10:21:19','Max.Reiter@mail.com','rot',186,'Nein','jüdisch','männlich',1022,NULL),
	('1976-09-06','Christopher','Bosch','2016-06-28 10:21:19','Christopher.Bosch@mail.com','brünett',166,'Ja','muslimisch','männlich',1023,NULL),
	('1953-04-17','Christina','Müller','2016-06-28 10:21:19','Christina.Müller@mail.com','blond',179,'Nein','römisch-orthodox','weiblich',1024,NULL),
	('1950-01-06','Ulrike','Bosch','2016-06-28 10:21:19','Ulrike.Bosch@mail.com','dunkel-blond',189,'Nein','muslimisch','weiblich',1025,NULL),
	('1982-06-14','Caroline','Müller','2016-06-28 10:21:19','Caroline.Müller@mail.com','brünett',156,'Ja','muslimisch','weiblich',1026,NULL),
	('1995-11-09','Paul','Schulz','2016-06-28 10:21:19','Paul.Schulz@mail.com','schwarz',175,'Ja','muslimisch','männlich',1027,NULL),
	('1955-08-16','Lina','Müller','2016-06-28 10:21:19','Lina.Müller@mail.com','rot',151,'Nein','muslimisch','weiblich',1028,NULL),
	('1998-01-08','Caroline','Schulz','2016-06-28 10:21:19','Caroline.Schulz@mail.com','brünett',160,'Nein','jüdisch','weiblich',1029,NULL),
	('1960-03-14','Lina','Baumann','2016-06-28 10:21:19','Lina.Baumann@mail.com','dunkel-blond',186,'Nein','römisch-orthodox','weiblich',1030,NULL),
	('1958-08-25','Christopher','Bosch','2016-06-28 10:21:19','Christopher.Bosch@mail.com','brünett',182,'Nein','evangelisch','männlich',1031,NULL),
	('1959-03-10','Lina','Schulz','2016-06-28 10:21:19','Lina.Schulz@mail.com','rot',164,'Nein','evangelisch','weiblich',1032,NULL),
	('1955-11-03','Florian','Bosch','2016-06-28 10:21:19','Florian.Bosch@mail.com','brünett',153,'Nein','jüdisch','männlich',1033,NULL),
	('1952-11-10','Paul','Schulz','2016-06-28 10:21:19','Paul.Schulz@mail.com','brünett',189,'Ja','römisch-orthodox','männlich',1034,NULL),
	('1981-09-14','Paul','Müller','2016-06-28 10:21:19','Paul.Müller@mail.com','blond',154,'Ja','muslimisch','männlich',1035,NULL),
	('1968-11-01','Florian','Baumann','2016-06-28 10:21:19','Florian.Baumann@mail.com','schwarz',185,'Nein','jüdisch','männlich',1036,NULL),
	('1949-09-18','Christina','Bosch','2016-06-28 10:21:19','Christina.Bosch@mail.com','brünett',175,'Ja','evangelisch','weiblich',1037,NULL),
	('1960-04-13','Christopher','Reiter','2016-06-28 10:21:19','Christopher.Reiter@mail.com','blond',173,'Nein','römisch-orthodox','männlich',1038,NULL),
	('1980-11-22','Caroline','Baumann','2016-06-28 10:21:19','Caroline.Baumann@mail.com','rot',173,'Nein','muslimisch','weiblich',1039,NULL),
	('1981-11-21','Caroline','Baumann','2016-06-28 10:21:19','Caroline.Baumann@mail.com','blond',160,'Ja','jüdisch','weiblich',1040,NULL),
	('1951-10-12','Olga','Schulz','2016-06-28 10:21:19','Olga.Schulz@mail.com','rot',156,'Ja','muslimisch','weiblich',1041,NULL),
	('1953-08-19','Benjamin','Baumann','2016-06-28 10:21:19','Benjamin.Baumann@mail.com','dunkel-blond',187,'Ja','muslimisch','männlich',1042,NULL),
	('1952-10-25','Lina','Müller','2016-06-28 10:21:19','Lina.Müller@mail.com','blond',167,'Ja','jüdisch','weiblich',1043,NULL),
	('1961-09-26','Ulrike','Müller','2016-06-28 10:21:19','Ulrike.Müller@mail.com','blond',185,'Ja','römisch-katholisch','weiblich',1044,NULL),
	('1979-01-15','Petra','Müller','2016-06-28 10:21:19','Petera.Müller@mail.com','dunkel-blond',161,'Ja','römisch-katholisch','weiblich',1045,'2016-06-30 14:55:32'),
	('1973-06-07','Petra','Müller','2016-06-28 10:21:19','Petera.Müller@mail.com','brünett',159,'Ja','jüdisch','weiblich',1046,'2016-06-30 14:55:32'),
	('1952-06-13','Daniel','Bosch','2016-06-28 10:21:19','Daniel.Bosch@mail.com','brünett',152,'Ja','römisch-orthodox','männlich',1047,NULL),
	('1969-11-01','Christina','Reiter','2016-06-28 10:21:19','Christina.Reiter@mail.com','schwarz',188,'Nein','römisch-katholisch','weiblich',1048,NULL),
	('1989-03-10','Max','Baumann','2016-06-28 10:21:19','Max.Baumann@mail.com','brünett',188,'Ja','evangelisch','männlich',1049,NULL),
	('1990-11-19','Max','Bosch','2016-06-28 10:21:19','Max.Bosch@mail.com','rot',186,'Nein','jüdisch','männlich',1050,NULL),
	('1995-10-16','Christina','Schulz','2016-06-28 10:21:19','Christina.Schulz@mail.com','blond',176,'Nein','römisch-orthodox','weiblich',1051,NULL),
	('1983-02-22','Florian','Schulz','2016-06-28 10:21:19','Florian.Schulz@mail.com','blond',178,'Nein','römisch-orthodox','männlich',1052,NULL),
	('1982-11-02','Paula','Müller','2016-06-28 10:21:19','Paula.Müller@mail.com','schwarz',176,'Nein','römisch-katholisch','weiblich',1053,NULL),
	('1953-11-08','Christopher','Schulz','2016-06-28 10:21:19','Christopher.Schulz@mail.com','brünett',172,'Nein','jüdisch','männlich',1054,NULL),
	('1988-11-19','Christina','Reiter','2016-06-28 10:21:19','Christina.Reiter@mail.com','blond',186,'Ja','jüdisch','weiblich',1055,NULL),
	('1955-11-03','Caroline','Müller','2016-06-28 10:21:19','Caroline.Müller@mail.com','rot',172,'Ja','evangelisch','weiblich',1056,NULL);

/*!40000 ALTER TABLE `Profil` ENABLE KEYS */;
UNLOCK TABLES;


# Dump of table Profilbesuch
# ------------------------------------------------------------

DROP TABLE IF EXISTS `Profilbesuch`;

CREATE TABLE `Profilbesuch` (
  `Besucher_id` int(11) NOT NULL,
  `Besuchter_id` int(11) NOT NULL,
  `Zeitstempel` timestamp NOT NULL DEFAULT CURRENT_TIMESTAMP ON UPDATE CURRENT_TIMESTAMP,
  PRIMARY KEY (`Besucher_id`,`Besuchter_id`)
) ENGINE=InnoDB DEFAULT CHARSET=utf8;

LOCK TABLES `Profilbesuch` WRITE;
/*!40000 ALTER TABLE `Profilbesuch` DISABLE KEYS */;

INSERT INTO `Profilbesuch` (`Besucher_id`, `Besuchter_id`, `Zeitstempel`)
VALUES
	(23,25,'2016-06-28 09:01:28'),
	(23,43,'2016-06-28 00:55:43'),
	(23,99,'2016-06-28 15:16:55'),
	(23,129,'2016-06-28 14:15:44'),
	(23,136,'2016-06-28 09:01:17'),
	(23,261,'2016-06-28 14:33:46'),
	(23,340,'2016-06-30 09:59:51'),
	(23,407,'2016-06-30 09:37:14'),
	(23,420,'2016-06-28 14:15:17'),
	(23,515,'2016-06-28 14:15:16'),
	(23,517,'2016-06-28 14:15:15'),
	(23,552,'2016-06-28 14:15:14'),
	(23,558,'2016-06-28 14:15:20'),
	(23,942,'2016-07-01 14:54:21'),
	(23,991,'2016-07-01 14:55:43'),
	(23,1044,'2016-06-28 14:25:22'),
	(23,1231,'2016-06-28 09:03:51'),
	(23,3755,'2016-06-28 09:39:30'),
	(1057,36,'2016-06-29 19:16:39'),
	(1057,44,'2016-06-29 19:19:37');

/*!40000 ALTER TABLE `Profilbesuch` ENABLE KEYS */;
UNLOCK TABLES;


# Dump of table Suchprofil
# ------------------------------------------------------------

DROP TABLE IF EXISTS `Suchprofil`;

CREATE TABLE `Suchprofil` (
  `id` int(11) unsigned NOT NULL AUTO_INCREMENT,
  `Name` varchar(40) DEFAULT NULL,
  `Profil_id` int(11) unsigned DEFAULT NULL,
  `Haarfarbe` varchar(30) DEFAULT 'Keine Angabe',
  `Raucher` varchar(30) DEFAULT 'Keine Angabe',
  `Religion` varchar(30) DEFAULT 'Keine Angabe',
  `Geschlecht` varchar(30) DEFAULT 'Keine Angabe',
  `Koerpergroesse_min` int(11) DEFAULT '0',
  `Koerpergroesse_max` int(11) DEFAULT '0',
  `Alter_min` int(11) DEFAULT '0',
  `Alter_max` int(11) DEFAULT '0',
  `Auswahl_text_1` varchar(30) DEFAULT 'Keine Angabe',
  `Auswahl_id_1` int(11) DEFAULT '0',
  `Auswahl_text_2` varchar(30) DEFAULT 'Keine Angabe',
  `Auswahl_id_2` int(11) DEFAULT '0',
  `Auswahl_text_3` varchar(30) DEFAULT 'Keine Angabe',
  `Auswahl_id_3` int(11) DEFAULT '0',
  `Auswahl_text_4` varchar(30) DEFAULT 'Keine Angabe',
  `Auswahl_id_4` int(11) DEFAULT '0',
  `Auswahl_text_5` varchar(30) DEFAULT 'Keine Angabe',
  `Auswahl_id_5` int(11) DEFAULT '0',
  PRIMARY KEY (`id`),
  KEY `FK_Profil3` (`Profil_id`),
  CONSTRAINT `FK_Profil3` FOREIGN KEY (`Profil_id`) REFERENCES `Profil` (`id`) ON DELETE CASCADE
) ENGINE=InnoDB DEFAULT CHARSET=utf8;

LOCK TABLES `Suchprofil` WRITE;
/*!40000 ALTER TABLE `Suchprofil` DISABLE KEYS */;

INSERT INTO `Suchprofil` (`id`, `Name`, `Profil_id`, `Haarfarbe`, `Raucher`, `Religion`, `Geschlecht`, `Koerpergroesse_min`, `Koerpergroesse_max`, `Alter_min`, `Alter_max`, `Auswahl_text_1`, `Auswahl_id_1`, `Auswahl_text_2`, `Auswahl_id_2`, `Auswahl_text_3`, `Auswahl_id_3`, `Auswahl_text_4`, `Auswahl_id_4`, `Auswahl_text_5`, `Auswahl_id_5`)
VALUES
	(1,'Frauen',23,'Keine Angabe','Keine Angabe','Keine Angabe','weiblich',0,0,0,0,'Keine Angabe',0,'Keine Angabe',0,'Keine Angabe',0,'Keine Angabe',0,'Keine Angabe',0),
	(2,'Blonde Raucherfrauen',23,'blond','Ja','Keine Angabe','weiblich',0,0,0,0,'Keine Angabe',0,'Keine Angabe',0,'Keine Angabe',0,'Keine Angabe',0,'Keine Angabe',0);

/*!40000 ALTER TABLE `Suchprofil` ENABLE KEYS */;
UNLOCK TABLES;



/*!40111 SET SQL_NOTES=@OLD_SQL_NOTES */;
/*!40101 SET SQL_MODE=@OLD_SQL_MODE */;
/*!40014 SET FOREIGN_KEY_CHECKS=@OLD_FOREIGN_KEY_CHECKS */;
/*!40101 SET CHARACTER_SET_CLIENT=@OLD_CHARACTER_SET_CLIENT */;
/*!40101 SET CHARACTER_SET_RESULTS=@OLD_CHARACTER_SET_RESULTS */;
/*!40101 SET COLLATION_CONNECTION=@OLD_COLLATION_CONNECTION */;
